TMDB_ID,SERIES,STATUS,RELEASE_DATE,RUNTIME,OVERVIEW,Vote_Average,Vote_Count,Genres,Keywords,original_name,poster_path,backdrop_path,popularity,original_language,type,number_of_episodes,number_of_seasons,homepage,Cast,Crew,Videos
34835,009-1,Ended,2006-10-06,30,"In an alternate world, the Cold War has continued to persist for 140 years. As a result, the world was divided into two factions: the  West Block, and the East Block. As the Cold War drags on, the tension between the two factions, as well as the amount of nuclear weapons they have, rise. Mylene Hoffman is a female cyborg who is a spy for the West Block. Together with three other agents, Mylene partakes in various missions issued by her superiors.",6.5,13,"Animation, Action & Adventure, Sci-Fi & Fantasy, War & Politics, Drama","spy, cyborg, cold war, espionage, police, mecha, mission, conspiracy, tragedy, based on manga, nuclear weapons, communism, enigmatic, seinen, ecchi, anime, female cyborg, territorial division, alternative world",ゼロゼロナインワン,/r1zbGhkKXmzZR8h5y7LQxiE8yW9.jpg,/byuLWybI5Am5I6f7tGVr8H1k3Kn.jpg,2.6117,ja,TV,12,1,http://www.tbs.co.jp/anime/009-1/,"Yumiko Shaku, Toshiyuki Morikawa, Marina Inoue",,Opening | Destiny girl - Minato
21855,07-Ghost,Ended,2009-04-07,24,"Set in a gothic fantasy world, this is the story of Teito Klein, an orphaned slave who became the top military academy student. However, an unexpected turn of events left him pursued by the forces of the Barsburg Empire. Now an escaping convict, Teito's sheltered by the church and its law of sanctuary. Here, he discovered many mysteries surrounding himself, the church, and the Empire itself. The fact that he might be connected to a dethroned king and the mystical stone of god, ""The Eye of Mikhae...",7.0,25,"Animation, Drama","amnesia, magic, exorcism, friendship, god, revenge, conspiracy, tragedy, religion, brainwashing, bromance, based on manga, church, fighting, demon, military, angst, anime, bishounen, drastic change of life, josei",セブンゴースト,/xmqAgtAnhNNi4q9PUIHYE0NThXl.jpg,/xpbYhlApQErpGSIXTP8o9zQmwMu.jpg,3.8005,ja,TV,25,1,,"Show Hayami, Susumu Chiba, Junichi Suwabe",,07-Ghost - trailer
85940,7SEEDS,Ended,2019-06-28,24,"Shy Natsu awakens as part of a group chosen to ensure the survival of humanity. Together, they have to survive on a changed Earth.",7.8,215,"Animation, Sci-Fi & Fantasy, Drama","japan, based on manga, anime, unfinished, psychological",7SEEDS,/eeGRd3ENc9vetozwDDMhl9S7l3G.jpg,/moI1fOrXKak8RIXaLHRozkoIh4Y.jpg,5.2122,ja,TV,24,1,http://7seeds.jp/,"Nao Toyama, Jun Fukuyama, Katsuyuki Konishi",,Official Trailer
100565,86 EIGHTY-SIX,Ended,2021-04-11,24,"Called “Juggernaut,” these are the unmanned combat drones developed by the Republic of San Magnolia in answer to the attacks by the autonomous unmanned drones of the neighboring Empire of Giad, the “Legion”. But theyre only unmanned in name. In reality, they are piloted by the Eighty-sixers—those considered to be less than human and treated as mere tools. Determined to achieve his own mysterious ends, Shin, the captain of Spearhead Squadron, which is comprised of Eighty-sixers, continues to fig...",8.061,171,"Animation, Action & Adventure, Sci-Fi & Fantasy, War & Politics","based on novel or book, fight, army, racist, tragedy, terrorism, robot, combat, military, discrimination, anime, war, based on light novel",８６―エイティシックス―,/pp2gzafNPiug63UskS2niHK9Y04.jpg,/zV4F2N0OEpakHi5pkHHh5yaSpO6.jpg,8.9743,ja,TV,23,1,https://anime-86.com,"Ikumi Hasegawa, Shoya Chiba, Natsumi Fujiwara",,86 EIGHTY-SIX - Opening 2 | Kyokaisen
229610,A Playthrough of a Certain Dudes VRMMO Life,Ended,2023-10-03,24,"Taichi Tanaka is just an ordinary 38-year-old who enjoys video games. He starts a new virtual reality multiplayer game called One More Free Life Online, naming his character Earth. Unlike his fellow players, he decides to master the most menial of skills in the game. He cooks the finest meals, overbrews complicated potions, and hunts monsters with handmade weapons. His fantasy life begins!",6.352,27,"Animation, Action & Adventure, Comedy, Sci-Fi & Fantasy","based on manga, anime, virtual world, based on light novel, vrmmo",とあるおっさんのVRMMO活動記,/ukCu3TQCTUFTZMf4QNMpxwf3ufO.jpg,/sIycem5xR9OFoC3qVHRDuSpspIZ.jpg,2.1998,ja,TV,12,1,https://toaru-ossan.com,"Kaito Ishikawa, Daisuke Namikawa, Reina Ueda",,Official Trailer [Subtitled]
230050,A Returners Magic Should Be Special,Returning Series,2023-10-08,24,"Another dimension that continues to taint our world, the Shadow World. Humanity is faced with the worst calamity, known as the Shadow Labyrinth. In spite of their desperate attacks, Desir Herrman and his friends lose their battle to the Destruction Dragon, Boromir Napolitan, and the world comes to an end. When Desir is convinced of his end, he opens his eyes... to find himself 13 years in the past. Desir has gone back in time to the enrollment ceremony of Hebrion Academy, the top school for mage...",7.8,30,"Animation, Sci-Fi & Fantasy, Action & Adventure","magic, time travel, fantasy world, anime, based on webcomic or webtoon, magic school, based on manhwa",帰還者の魔法は特別です,/svwCvfLCUqc5tn85lijkKqTXQLF.jpg,/2KKDIwALX3HJWCjeDnvLa3Ag6ki.jpg,3.6333,ja,TV,13,2,https://returners-magic.com,"Takuma Terashima, Sayumi Suzushiro, Natsumi Fujiwara",,ED Trailer [Subtitled]
210875,ATRI My Dear Moments,Ended,2024-07-14,24,"In the near future, a sudden and unexplained sea rise has left much of human civilization underwater. Ikaruga Natsuki, a boy who lost his mother and one of his legs in an accident some years earlier, returns disillusioned from a harsh life in the big city to find his old countryside home half-swallowed by the sea. Left without a family, all he has to his name is the ship and submarine left to him by his oceanologist grandmother, and her debts. His only hope to restore the dreams for the future t...",8.1,15,"Animation, Drama, Action & Adventure, Sci-Fi & Fantasy","artificial intelligence (a.i.), bodily disabled person, future, post-apocalyptic future, friendship, romance, slice of life, robot, seinen, anime, interspecies romance, robot girl, based on visual novel",ATRI -My Dear Moments-,/6bQKMlHwRmGnvIRxDahl1r8WJkE.jpg,/zwHdg4RWuAsCPHwcxOrOMTDGcKi.jpg,2.6041,ja,TV,13,1,https://atri-anime.com/,"Kensho Ono, Hikaru Akao, Minami Takahashi",,Special Comment Video [Subtitled]
42963,AYAKA,Ended,2006-01-13,23,"An anthology of three classic Japanese horror stories: ""Yotsuya Ghost Story"", the story of a wife betrayed by her husband who seeks vengeance even in death; ""Goddess of the Dark Tower"", the story of forbidden love between a goddess and a human; and ""Goblin Cat"", the story of a mysterious cat monster with a vendetta against a certain family.",7.4,14,"Animation, Mystery, Sci-Fi & Fantasy","anthology, japanese folklore, anime, psychological, horror",怪 〜ayakashi〜,/k2ZxUTQyCvqa3IIJ3oyqPZzKLLz.jpg,/qupQSxhEP1ct0Ek1BzjFsvnbFjD.jpg,3.3373,ja,TV,11,1,http://lineup.toei-anim.co.jp/ja/tv/ayakashi/,"Hiroaki Hirata, Mami Koyama, Yuko Nagashima",,
235758,Alya Sometimes Hides Her Feelings in Russian,Returning Series,2024-07-03,24,"Alya is a transfer student enjoying popularity at her new high school, often sporting a cold shoulder while earning high marks in class. She ignores her nerdy classmate, Kuze Masachika, except for when she blurts out a flirtatious line to him in Russian. Little does she know, Kuze understands Russian, though he pretends not to. Lets see where this wacky love story takes them!",7.896,144,"Animation, Comedy","high school, harem, romcom, romance, slice of life, shounen, anime, tsundere, based on light novel",時々ボソッとロシア語でデレる隣のアーリャさん,/hfnzByZIRj6rx8xaxzS2zDilei1.jpg,/3197ZU1CWDjdFsmqvWPZGXAYaoi.jpg,13.3065,ja,TV,13,2,https://roshidere.com,"Sumire Uesaka, Kohei Amasaki, Wakana Maruoka",,Official Trailer [Subtitled]
277665,Anne Shirley,Returning Series,2025-04-05,24,"On the beautiful Prince Edward Island in Canada, an orphan named Anne Shirley is mistakenly sent to Green Gables, the home of Matthew and Marilla Cuthbert. They choose to adopt her anyway, as Anne finds friendship, love, and happiness in her new home. Come along for the story of a purehearted and imaginative girl growing up, leaving for college, and returning home a changed woman.",8.667,4,"Animation, Drama, Family","based on novel or book, adoption, remake, slice of life, coming of age, orphan, anime, talkative female lead",アン・シャーリー,/jRbV0vcG1YsOWZXxdo65OoE4ti9.jpg,/qHjVizo0Mpi9rkCk0v3zev9Mk3q.jpg,5.3994,ja,TV,24,1,https://anime-ann-e.jp,"Honoka Inoue, Aya Nakamura, Yasunori Matsumoto",,Official Teaser [Subtitled]
39434,AnoHana: The Flower We Saw That Day,Ended,2011-04-15,23,"When Yadomi Jinta was a child, he was a central piece in a group of close friends. In time, however, these childhood friends drifted apart, and when they became high school students, they had long ceased to think of each other as friends.One of the friends from that group, Honma Meiko, now has a wish she asks Jinta to fulfil. The problem is, she can't remember what her wish is anymore.",8.27,397,"Animation, Drama, Mystery","love triangle, friendship, supernatural, growing up, romance, slice of life, unrequited love, tragedy, coming of age, cross dressing, based on manga, magic realism, ghost, angst, seinen, anime, death of friend",あの日見た花の名前を僕達はまだ知らない。,/cQkLuywdlSiRz3niDAx6XyZpuON.jpg,/sKNTEbhOdS9PITtmHbggWT0VDHW.jpg,6.652,ja,TV,11,1,http://www.anohana.jp/,"Miyu Irino, Mutsumi Tamura, Ai Kayano",,anohana - The Flower We Saw That Day - TV Series English Dub Trailer
94605,Arcane,Ended,2021-11-06,0,"Amid the stark discord of twin cities Piltover and Zaun, two sisters fight on rival sides of a war between magic technologies and clashing convictions.",8.8,5062,"Animation, Sci-Fi & Fantasy, Drama, Action & Adventure","magic, war of independence, battle, powder, based on video game, death in family, adult animation, warrior, broken family, war, 3d animation, sisters, web series, power, video games, league of legends",Arcane,/fqldf2t8ztc9aiwn3k6mlX3tvRT.jpg,/wQEW3xLrQAThu1GvqpsKQyejrYS.jpg,39.0966,en,TV,18,2,https://arcane.com,"Hailee Steinfeld, Ella Purnell",,Franchise Trailer
137065,Arknights Perish in Frost,Returning Series,2022-10-29,24,"In the wake of unknown Catastrophes in the heart of Terra, a mineral of unimaginable power has been discovered. With it, society's technology has made huge leaps and bounds, but the substance causes a deadly incurable disease, leading to a worldwide enslavement of the infected. As a rebellion is now on the rise, a pharmaceutical company races for a cure to save humanity.",6.542,24,"Animation, Action & Adventure, Sci-Fi & Fantasy","dystopia, based on video game, anime, war",明日方舟,/bOHwf20OzBVBrhX31MyUdxQR0d2.jpg,/kJHEPw3itVz3RmVh4B2PwIVjn3b.jpg,4.461,ja,TV,16,3,https://ak.hypergryph.com/anime,"Tomoyo Kurosawa, Yuki Kaida, Shizuka Ishigami",,Official Trailer 4 [Subtitled]
62110,Assassination Classroom,Ended,2015-01-10,24,"The students of Class 3-E have a mission: kill their teacher before graduation. He has already destroyed the moon, and has promised to destroy the Earth if he can not be killed within a year. But how can this class of misfits kill a tentacled monster, capable of reaching Mach 20 speed, who may be the best teacher any of them have ever had?",8.413,1098,"Animation, Comedy, Action & Adventure, Sci-Fi & Fantasy","underdog, assassination, gun, classroom, education, alien, teacher, superhuman, school, based on manga, government agent, school life, shounen, anime",暗殺教室,/wOd98jDHkoWy2LZ4gSy67X1ihv1.jpg,/zkc2FkVymJDNXisS1mgpr8Ip2J.jpg,15.5549,ja,TV,47,2,http://www.ansatsu-anime.com,"Jun Fukuyama, Mai Fuchigami, Nobuhiko Okamoto",,Season 1 Opening 1
246,Avatar The Last Airbender,Ended,2005-02-21,1423,"In a war-torn world of elemental magic, a young boy reawakens to undertake a dangerous mystic quest to fulfill his destiny as the Avatar, and bring peace to the world.",8.743,4309,"Animation, Action & Adventure, Sci-Fi & Fantasy","saving the world, monk, martial arts, asia, magic, affectation, villain, child hero, reincarnation, friendship, honor, destiny, aggressive, somber, admiring, dignified, anime inspired",Avatar: The Last Airbender,/v2vn1coUMPKw0GI1KGC5J4IXtqp.jpg,/kU98MbVVgi72wzceyrEbClZmMFe.jpg,27.9042,en,TV,61,3,https://www.nick.com/shows/avatar-the-last-airbender,"Zach Tyler Eisen, Mae Whitman, Jack De Sena",,Avatar The Last Airbender 15th Anniversary Trailer [4K]
90937,BEASTARS,Returning Series,2019-10-10,23,"In a world where beasts of all kinds coexist, a gentle wolf awakens to his own predatory urges as his school deals with a murder within its midst.",8.473,1190,"Animation, Drama, Mystery","black market, based on comic, romance, slice of life, survival, school, anthropomorphism, bromance, shounen, anime, drama club, psychological, suspense",BEASTARS,/sh9iNWkleOjEHRHj8WPHhmMi8HL.jpg,/11Pfh4yqjKbOgn5vY3AQD9VU4Vc.jpg,14.8639,ja,TV,36,3,https://bst-animation.com,"Chikahiro Kobayashi, Sayaka Senbongi, Yuki Ono",,BEASTARS Season 2 | Official Trailer | Netflix
131041,BLUE LOCK,Ended,2022-10-09,23,"After a disastrous defeat at the 2018 World Cup, Japan's team struggles to regroup. But what's missing? An absolute Ace Striker, who can guide them to the win. The Japan Football Union is hell-bent on creating a striker who hungers for goals and thirsts for victory, and who can be the decisive instrument in turning around a losing match...and to do so, they've gathered 300 of Japan's best and brightest youth players. Who will emerge to lead the team...and will they be able to out-muscle and out-...",8.216,446,"Animation, Action & Adventure, Drama","world cup, sports, tournament, bromance, football (soccer), based on manga, shounen, anime, special ability, spokon, ace striker, excited",ブルーロック,/sTDTy73OYmKY51EK94Mc6AxogzR.jpg,/seMRyWVwIVBWbC9xaMzDMZJ8fUH.jpg,36.5312,ja,TV,38,1,https://tv.bluelock-pr.com/,"Kazuki Ura, Tasuku Kaito, Yuki Ono",,Now Streaming | Trailer [Subtitled]
34121,Baccano,Ended,2007-07-27,25,"During the early 1930s in Chicago, the transcontinental train, Flying Pussyfoot, is starting its legendary journey that will leave a trail of blood all over the country. At the same time in New York, the ambitious scientist Szilard and his unwilling aide Ennis are looking for missing bottles of the immortality elixir. In addition, a war between the mafia groups is getting worse. On board the Advena Avis, in 1711, alchemists are about to learn the price of immortality. Takes place in the same uni...",7.733,180,"Comedy, Action & Adventure, Animation, Crime, Mystery","alcohol, based on novel or book, anti hero, paranoia, gangster, black humor, immortality, supernatural, gore, mafia, gunfight, train, period drama, historical, alchemy, seinen, 1920s, anime, based on light novel",バッカーノ！,/qOxUTQAOTrMKTHuC9HQZiVsTK0F.jpg,/1KQYzDvPhe6XDycqmL4jb7QO51d.jpg,4.8764,ja,TV,13,1,http://www.baccano.jp/,"Masaya Onosaka, Sayaka Aoki, Daisuke Sakaguchi",,Trailer - Baccano! [HD]
129600,Baki Hanma,Ended,2021-09-30,24,"To gain the skills he needs to surpass his powerful father, Baki enters Arizona State Prison to take on the notorious inmate known as Mr. Unchained.",8.107,513,"Animation, Action & Adventure, Sci-Fi & Fantasy","fight, based on manga, anime, original net animation (ona)",範馬刃牙,/x145FSI9xJ6UbkxfabUsY2SFbu3.jpg,/7Scw0BdXGWzbDY3tDjKu8WervN2.jpg,16.0045,ja,TV,39,2,https://baki-anime.jp/,,,Baki Hanma Season 2 | Official Trailer | Netflix
211057,Berserk The Golden Age Arc Memorial Edition,Ended,2022-10-02,25,"The lone mercenary Guts travels a land where a century-old war is raging. His ferocity and skill in battle attract the attention of Griffith, the leader of a group of mercenaries called the Band of the Hawk. Guts becomes Griffiths closest ally and confidant, but despite all their victories, Guts begins to question why he fights for another mans dream of ruling his own kingdom. Unknown to Guts, Griffiths unyielding ambition is about to bestow a horrible fate on them both.",8.7,93,"Action & Adventure, Drama, Animation, Sci-Fi & Fantasy","supernatural, gore, based on manga, based on movie, dark fantasy, seinen, anime, horror",ベルセルク 黄金時代篇 MEMORIAL EDITION,/anydQ5ORx268x9PBzLlRMkvVH5r.jpg,/7EK3R4xDEhsSgnwBjTQTJAHkngn.jpg,4.3867,ja,TV,13,1,https://berserk-me.com/,"Hiroaki Iwanaga, Takahiro Sakurai, Toa Yukinari",,Official Trailer [Subtitled]
61695,Beyond the Boundary,Ended,2013-10-02,24,"The dark fantasy follows a high school sophomore named Akihito Kanbara. Although the boy appears human, he is half Youmu and invulnerable to wounds because he can heal quickly. One day, Akihito meets freshman Mirai Kuriyama when it seems she is about to jump from the school rooftop. Mirai is isolated because of her ability to manipulate blood, which is considered heresy among members of the spirit world. Disturbing events begin to unfold after Akihito saves Mirai.",8.2,303,"Action & Adventure, Animation, Comedy, Sci-Fi & Fantasy","monster, immortality, romance, school life, anime, based on light novel",境界の彼方,/6cmtMbEZAYm3aWzthFRk6048LFi.jpg,/93I7zPn0Afvp126PqNR3FdugNXH.jpg,6.2015,ja,TV,12,1,http://anime-kyokai.com/,"KENN, Risa Taneda, Ayako Kawasumi",,Beyond the Boundary Complete Season Collection Trailer
50712,Black Butler,Returning Series,2008-10-02,24,"In Victorian London, 12-year-old business magnate Ciel Phantomhive thwarts dangers to the queen as he's watched over by his demon butler, Sebastian.",7.8,215,"Animation, Comedy, Drama, Mystery, Sci-Fi & Fantasy","london, england, circus, detective, butler, kidnapping, magic, supernatural, victorian england, revenge, dark comedy, gore, coming of age, bromance, based on manga, demon, historical, super power, united kingdom, dark fantasy, angst, shounen, anime, bishounen, drastic change of life, shinigami",黒執事,/iXGs130TRoUplHf0o86zp9MqAYc.jpg,/5U0dYTkHXPhoExNnEm5iKrpDqtr.jpg,26.6683,ja,TV,61,5,http://www.kuroshitsuji.tv,,,Black Butler Complete Blu-ray Set Trailer
73223,Black Clover,Ended,2017-10-03,24,"Asta and Yuno are two orphans who want the same thing: to become the Wizard King. Locked in a friendly rivalry, they work hard towards their goal. While Yuno excels at magic, Asta has a problem uncommon in this world: he has no powers! But, on the day they receive their grimoires, they surprise everyone. To reach their goal, theyll each find their own path to greatness—with or without magic.",8.5,1940,"Action & Adventure, Animation, Comedy","magic, based on manga, super villain, wizard, shounen, anime, fantasy",ブラッククローバー,/kaMisKeOoTBPxPkbC3OW7Wgt6ON.jpg,/4RzRtLMlTeJvpvvdXDe854VLEG8.jpg,17.7149,ja,TV,170,1,http://bclover.jp,"Gakuto Kajiwara, Nobunaga Shimazaki, Kana Yuuki",,Black Clover Season 1 - Official Trailer
12598,Black Lagoon,Ended,2006-04-09,24,"The story follows a team of pirate mercenaries known as the Lagoon Company, that smuggles goods in and around the seas of Southeast Asia in the early to mid 1990s. Their base of operations is located in the fictional harbor city of Roanapur in southeast Thailand near the border of Cambodia.",8.035,462,"Action & Adventure, Animation, Drama, Crime","bounty hunter, island, mercenary, melancholy, arms dealer, smuggling (contraband), femme fatale, outlaw, revenge, gore, mafia, gunfight, pirate, terrorism, based on manga, biting, seinen, aggressive, criminal organization, anime, drastic change of life, furious, forceful, scathing",BLACK LAGOON,/sQlHhWScg6qmakL1ywtcjjVKKqV.jpg,/ijtcLjEHo7kFpQVg9NsATZsPayv.jpg,12.4739,ja,TV,24,1,http://www.blacklagoon.jp/,"Megumi Toyoguchi, Daisuke Namikawa, Tsutomu Isobe",,Opening | Red Fraction - MELL
84553,Blade Runner Black Lotus,Ended,2021-11-14,22,"Los Angeles 2032. A young woman wakes up with no memories, and possessing deadly skills. The only clues to her mystery are a locked data device and a tattoo of a black lotus. Putting together the pieces, she must hunt down the people responsible for her brutal and bloody past to find the truth of her lost identity.",7.1,210,"Animation, Sci-Fi & Fantasy, Action & Adventure","artificial intelligence (a.i.), future, revenge, cyberpunk, anime",Blade Runner: Black Lotus,/aR06SJRDGqRmGQYXAXqeOkRZq7T.jpg,/WsVohNgPLwPXz3sIsrwFQ7FzmC.jpg,7.4953,en,TV,13,1,,"Jessica Henwick, Will Yun Lee, Wes Bentley",,Official Trailer
30984,Bleach Thousand Year Blood War,Returning Series,2004-10-05,24,"For as long as he can remember, Ichigo Kurosaki has been able to see ghosts. But when he meets Rukia, a Soul Reaper who battles evil spirits known as Hollows, he finds his life is changed forever. Now, with a newfound wealth of spiritual energy, Ichigo discovers his true calling: to protect the living and the dead from evil.",8.382,1920,"Action & Adventure, Animation, Sci-Fi & Fantasy","martial arts, swordplay, sword, training, friendship, supernatural, high school, based on manga, death, blade, fantasy world, shounen, anime, japanese high school, shinigami, parallel universe, supernatural ability, multiple realms, urban fantasy, exciting, adventure, adoring, urban adventure, spirits, ghosts, teen fantasy",BLEACH,/2EewmxXe72ogD0EaWM8gqa0ccIw.jpg,/o0NsbcIvsllg6CJX0FBFY8wWbsn.jpg,69.9365,ja,TV,406,2,https://bleach-anime.com,"Masakazu Morita, Fumiko Orikasa, Hiroki Yasumoto",,Opening 15 | Harukakanata - SCANDAL
207347,Blue Box,Returning Series,2024-10-03,25,"Taiki Inomata loves badminton, but he has a long way to go before he can reach nationals. When Taiki sees upperclassman Chinatsu Kano practicing her heart out on the girls basketball team, he falls for her hard. After an unexpected turn of events brings the two closer together, sports might not be the first thing on their minds anymore!",8.1,33,"Animation, Comedy, Drama","adolescence, friendship, sports, high school, basketball, based on comic, romance, slice of life, school, based on manga, club, badminton, shounen, anime",アオのハコ,/5msbE1Wmy27y2FhKDflXveXpCVv.jpg,/8p39Ud6ZKMixBQ7R4frg2o3idzc.jpg,12.6943,ja,TV,25,2,https://aonohako-anime.com,"Shoya Chiba, Reina Ueda, Akari Kito",,Official Trailer [Subtitled]
38464,Blue Exorcist,Ended,2011-04-17,24,"Humans live in the world of Assiah, demons in Gehenna. The two dimensions are not meant to interfere with each other, but demons still possess creatures in Assiah in spite of this. The humans who can fight these demons are known as exorcists. Rin Okumura is a boy who bears the curse of being Satan's illegitimate son. His foster father sacrificed himself to save him from demons. To avenge his foster father's death as well as to prove himself, Rin decides to follow the path of an exorcist and defe...",7.901,465,"Animation, Sci-Fi & Fantasy, Mystery, Action & Adventure","vatican (holy see), shapeshifting, sword, magic, exorcism, supernatural, priest, tragedy, school, religion, sibling rivalry, based on manga, demon, super power, cross, exorcist, dark fantasy, shounen, anime, drastic change of life",青の祓魔師,/kpNoqNmElzGUEcEoZyfFwvYXMsR.jpg,/wJzHFl5mq6JFbD6equTleJuzlnk.jpg,21.9852,ja,TV,73,5,https://www.ao-ex.com,Hiroshi Kamiya,,-Shimane Illuminati Saga- Opening | Eyes Sentry - UVERworld
234776,Blue Miburo,Returning Series,2024-10-19,23,"The year is 1863, with the story being based in Kyoto. We follow a youth named Nio who is an honest and kind soul who's considerate of his family, yet he also has a hidden burning passion for seeking justice. From the time he came across Toshizou Hijikata and Souji Okita, members from a group of hated ronin known as the Miburo, his life then takes a turn to a bluer, and clearer path. Nio, alongside the other men whose hearts burn bravely and true, step forth towards an honest path with their blu...",8.4,11,"Animation, Action & Adventure","samurai, based on manga, historical, kyoto, japan, edo period, shinsengumi, shounen, anime, bakumatsu",青のミブロ,/kvHZFBVyGe4uLwkQwkyMvhuDxUi.jpg,/s2P0DYSeMrqNh4L7hGXP3Xs5kbA.jpg,3.6917,ja,TV,24,1,https://miburoanime.com,"Shuichiro Umeda, Chiaki Kobayashi, Shun Horie",,
70881,Boruto Naruto Next Generations,Returning Series,2017-04-05,25,"The life of the shinobi is beginning to change. Boruto Uzumaki, son of Seventh Hokage Naruto Uzumaki, has enrolled in the Ninja Academy to learn the ways of the ninja. Now, as a series of mysterious events unfolds, Borutos story is about to begin!",7.9,2430,"Animation, Family, Action & Adventure, Comedy","martial arts, fight, supernatural, sequel, ninja, based on manga, spin off, super power, ninja warrior, shounen, anime, adventure",BORUTO-ボルト- NARUTO NEXT GENERATIONS,/e0B6i48kxdRkMcK4tR4YNfXGWOc.jpg,/4jDRuUk02VGAVMBJXabI9r0Cj6j.jpg,9.9291,ja,TV,293,1,http://www.tv-tokyo.co.jp/anime/boruto/,"Yuko Sanpei, Cocoro Kikuchi, Ryuichi Kijima",,Taijutsu | Boruto: Naruto Next Generations
110837,Bungo Stray Dogs,Ended,2021-01-13,12,"The peaceful days of the very popular work Bungou Stray Dogs are here. The characters of the Armed Detective Agency and the Mafia are in miniature form?! Due to Atsushi and co. becoming cute, this is a different experience to the original work—a pleasant gag manga!",7.0,24,"Animation, Comedy","supernatural, slice of life, based on manga, spin off, anime, chibi",文豪ストレイドッグス わん!,/5X3Pz5BCjlrt7X5fzQWWZVLfvku.jpg,/qODR3gZVdmkSeBfr17ph28rn0J0.jpg,3.8847,ja,TV,12,1,https://bungo-stray-dogs-wan.com,"Mamoru Miyano, Kensho Ono, Kisho Taniyama",,Official Trailer [Subtitled]
214587,Bye Bye Earth,Returning Series,2024-07-12,24,"Belle Lablac doesnt really fit in as the only human being in a world full of anthropomorphic animals. No fangs, no fur, no scales, no claws. Lonely and eager to discover where she comes from, Belle journeys to find answers to the questions of her heart. Carrying nothing but her giant sword, the Runding, she faces a world of possibilities and pitfalls in hopes of discovering the truth.",7.7,11,"Animation, Sci-Fi & Fantasy, Action & Adventure","based on novel or book, anime",ばいばい、アース,/iuo2jor1Hya3bT1imNxEScgoh5o.jpg,/7KI43sAChDcCrLGT2kBACXduDX8.jpg,7.1372,ja,TV,14,1,https://bye2earth.com,"Fairouz Ai, Miyuki Sawashiro, Ami Koshimizu",,Official Trailer [Subtitled]
25707,Captain Tsubasa,Ended,1983-10-13,24,"Tsubasa Ozora loves playing football since he was a little child. After moving to the japanese town of Nankatsu together with his mother, the 11-year-old boy quickly finds friends and joins the local football team of his elementary school. Together with his newly made friends and Brazilian mentor Roberto, Tsubasa starts his exciting journey to chase after his most desired dream - one day winning the FIFA World Cup.",7.8,791,"Comedy, Drama, Animation","football (soccer), based on manga, anime, prodigy, spokon, sports competition, childhood rivals",キャプテン翼,/ttCqdE4RtUQ0b1LElhQlDYDnuu2.jpg,/8Jk9sKUx3wnkvsr5pfxfMkdz1zB.jpg,17.9317,ja,TV,128,5,,"Akari Hibino, Fujiko Takimoto, Reiko Suzuki",,
65835,Captain Tsubasa J,Ended,1994-10-21,23,Captain Tsubasa J  is a TV anime series that retells the story of the original manga and also adds some arcs from the World Youth Saga manga. The anime was originally broadcast by Fuji Television in Japan from 1994-10-21 to 1995-12-22 with 47 episodes. The animation was done by Studio Comet. The series was suspended due to budget constraints.,7.798,52,"Animation, Drama, Comedy","sports, football (soccer), based on manga, anime, prodigy, spokon, sports competition",キャプテン翼J,/utlvq1mRI77yO8JZTWTTgfoIUHc.jpg,/TvtgclnnmTm7xtBdvhJOto9o2v.jpg,9.9114,ja,TV,47,1,,"Akari Hibino, Kappei Yamaguchi, Shin-ichiro Miki",,
123548,Castlevania Nocturne,Returning Series,2023-09-28,0,"As revolution sweeps France, Richter Belmont fights to uphold his family's legacy and prevent the rise of a ruthless, power-hungry vampire ruler.",7.874,206,"Animation, Sci-Fi & Fantasy, Drama","vampire, french revolution, vampire hunter (slayer), based on video game, dark fantasy, complex, monster hunter, complicated",Castlevania: Nocturne,/4XJwo95ktJ7xupw1bCMuP91kyYr.jpg,/1swj9HxDkjzsO3yHlSwRA38hMFN.jpg,9.229,en,TV,16,2,https://www.netflix.com/title/81436901,"Edward Bluemel, Thuso Mbedu, Pixie Davies",,Main Trailer
114410,Chainsaw Man,Ended,2022-10-12,24,"Denji has a simple dream—to live a happy and peaceful life, spending time with a girl he likes. This is a far cry from reality, however, as Denji is forced by the yakuza into killing devils in order to pay off his crushing debts. Using his pet devil Pochita as a weapon, he is ready to do anything for a bit of cash.",8.551,1785,"Animation, Action & Adventure, Sci-Fi & Fantasy","secret organization, chain saw, supernatural, gore, chainsaw, based on manga, cruelty, devil, demon, combat, shounen, anime, terror, fantasy",チェンソーマン,/yVtx7Xn9UxNJqvG2BkvhCcmed9S.jpg,/5DUMPBSnHOZsbBv81GFXZXvDpo6.jpg,18.4853,ja,TV,12,1,https://chainsawman.dog/,"Kikunosuke Toya, Tomori Kusunoki, Shogo Sakata",,Main Trailer [Subtitled]
237233,Chillin in Another World with Level 2 Super Cheat Powers,Ended,2024-04-08,24,"The Magical Kingdom of Klyrode summons hundreds of heroes from other worlds every year to fight in their war against the Dark One and his army of powerful demons. Banaza is one of those heroes, summoned from the Royal Capital Paluma, but somethings not right—Banaza is only an average merchant. He has no magic, no fighting ability, and his stats are abysmal. Worse, a mishap leaves him unable to return home! Rejected as a hero and stranded in another world, abandoned to the far reaches of the kin...",7.402,61,"Animation, Sci-Fi & Fantasy, Action & Adventure","fantasy world, anime, interspecies romance, isekai, loving, relaxed, based on light novel, adventure, joyful",Lv2からチートだった元勇者候補のまったり異世界ライフ,/29z2Qja0nXaCsfig7RCFCo1LP1d.jpg,/petHMm8TmcYiBy1JOTCncBcNk83.jpg,7.2517,ja,TV,12,1,https://lv2-cheat.com,"Satoshi Hino, Rie Kugimiya, Aya Yamane",,Official Trailer [Subtitled]
24835,Clannad,Ended,2007-10-05,24,"Tomoya Okazaki is a third year high school student resentful of his life. His mother passed away from a car accident when he was younger, causing his father to resort to alcohol and cigarettes. This results in fights between the two until Tomoya's shoulder is injured in a fight. Since then, Tomoya has had distant relationships with his father, causing him to become a delinquent over time. While on a walk to school, he meets a strange girl named Nagisa Furukawa who is a year older, but is repeati...",8.3,438,"Animation, Comedy, Drama, Sci-Fi & Fantasy","adolescence, supernatural, harem, romance, slice of life, coming of age, school, anime, school club, based on visual novel, family life",CLANNAD,/bmugfsOLi5Q01nTsFkNwO0V4xgg.jpg,/cuokIYCqLqfbE9RDv8TKl18uq9W.jpg,7.6584,ja,TV,44,2,http://www.tbs.co.jp/clannad/clannad1/,"Yuichi Nakamura, Mai Nakahara, Ryotaro Okiayu",,Clannad ~After Story~ Official Trailer
34791,Claymore,Ended,2007-04-03,23,"When a shapeshifting demon with a thirst for human flesh, known as ""youma,"" arrives in Raki's village, a lone woman with silver eyes walks into town with only a sword upon her back. She is a ""Claymore,"" a being manufactured as half-human and half-youma, for the express purpose of exterminating these monsters. After Raki's family is killed, the Claymore saves his life, but he is subsequently banished from his home. With nowhere else to go, Raki finds the Claymore, known as Clare, and decides to f...",8.2,319,"Action & Adventure, Animation, Drama, Sci-Fi & Fantasy","based on manga, dark fantasy, anime, adventure",クレイモア,/rQt8X4kjBxah0laGwUVJISf1086.jpg,/9345bFQXPCyIJLQemkpI5zFJCOp.jpg,30.6381,ja,TV,26,1,https://mv.avex.jp/claymore/,"Houko Kuwashima, Motoki Takagi",,Claymore - Trailer
105248,Cyberpunk Edgerunners,Ended,2022-09-13,25,"In a dystopia riddled with corruption and cybernetic implants, a talented but reckless street kid strives to become a mercenary outlaw — an edgerunner.",8.473,1485,"Action & Adventure, Animation, Sci-Fi & Fantasy","technology, mercenary, dystopia, conspiracy, miniseries, cyberpunk, based on video game, canon, futuristic society, anime, original net animation (ona)",サイバーパンク: エッジランナーズ,/lqcDVZ8pyk08AVftMBildDR3QUK.jpg,/6N7hSnmZkEXszld37sSeG4CSIdR.jpg,12.5034,ja,TV,10,1,https://www.cyberpunk.net/edgerunners,"KENN, Aoi Yuki, Hiroki Touchi",,Masahiko Otsuka Interview [Subtitled]
118956,DOTA Dragons Blood,Ended,2021-03-25,25,"After encounters with a dragon and a princess on her own mission, a Dragon Knight becomes embroiled in events larger than he could have ever imagined.",7.812,425,"Sci-Fi & Fantasy, Action & Adventure, Animation","elves, sword, princess, knight, dragon, based on video game, warrior, magician, bloody, hanguk aeni",DOTA: Dragon's Blood,/6Qwwam0TQEMQmFMagjtLmcQHJYs.jpg,/tPIhOHUfhMN4n1Q2OKXku3ClHtB.jpg,8.3059,en,TV,24,3,https://www.netflix.com/title/80994336,,,Official Trailer
233523,Dahlia in Bloom Crafting a Fresh Start with Magical Tools,Ended,2024-07-06,24,"After a workaholic life in Japan, Dahlia is reborn as a magical maven in a new world, but her afterlife takes an unexpected turn. Engaged, betrayed, and orphaned—all before the honeymoon? Talk about a plot twist! Watch as Dahlia turns heartbreak into wand-making brilliance and declares her independence. In this story, the real magic is self-discovery, and Dahlias the sorceress of her own destiny.",7.7,16,Animation,"reincarnation, anime, isekai, based on light novel",魔導具師ダリヤはうつむかない,/nH9oIoex0CeefWG1HXfOrLRvN7R.jpg,/jFzhOfySHlYXHltt3wjd6A9mEpX.jpg,1.806,ja,TV,12,1,https://dahliya-anime.com,"Saori Onishi, Atsushi Tamaru, Riho Iida",,Official Trailer [Subtitled]
240411,Dan Da Dan,Returning Series,2024-10-04,24,"In a bet to prove whether ghosts or aliens exist, two high schoolers face terrifying paranormal threats, gain superpowers and maybe even fall in love?!",8.722,466,"Animation, Action & Adventure, Comedy, Sci-Fi & Fantasy","high school, romcom, alien, urban legend, school, paranormal phenomena, based on manga, super power, occult, ghost, school life, evil alien, japanese folklore, shounen, anime, contacting spirits, japanese high school, evil spirits, monsters, supernatural battle, supernatural comedy",ダンダダン,/6qfZAOEUFIrbUH3JvePclx1nXzz.jpg,/jlbUx0aHJupDVDlCo0R7UxSaUUd.jpg,18.9512,ja,TV,13,2,https://anime-dandadan.com,"Shion Wakayama, Natsuki Hanae, Mayumi Tanaka",,Official Trailer(Season 2)
31718,Darker than Black,Ended,2007-04-06,25,"Ten years ago, a mysterious spatial anomaly now known as ""Heaven's Gate"" appeared in South America, shortly followed by the opening of ""Hell's Gate"" in Tokyo altering the sky and wreaking havoc on the landscape. The real stars disappeared, replaced by false stars. During this time, people possessing various special abilities — called ""Contractors"" — emerged, each capable of different supernatural feats. Following the disastrous Heaven's War, the United States lost its dominant position as a supe...",7.6,228,"Animation, Action & Adventure, Sci-Fi & Fantasy, Mystery","assassin, conspiracy, paranormal phenomena, spirit, psychic, super power, dark past, seinen, anime",-黒の契約者-,/i2jS5N0FK9o58Lxh5mnkOzEDZsd.jpg,/aigj0UYSAdi5HxE1SA4YuTtQeIl.jpg,6.814,ja,TV,37,2,http://www.d-black.net/,"Hidenobu Kiuchi, Kiyomi Asai, Ikuya Sawaki",,Darker than Black trailer
206629,Days with My Stepsister,Ended,2024-07-04,24,"When his father remarries, Yuta Asamura winds up sharing a roof with his new stepsister, Saki Ayase, the hottest girl in his grade. Carrying the scars of their parents troubled divorces, they vow to maintain a respectful distance. But what starts as cautious camaraderie blossoms into something deeper from shared experiences. Is it admiration, familial love, or something more?",7.9,42,Animation,"society, high school, stepbrother, romance, slice of life, family relationships, school, family, stepsister, stepsiblings, shounen, anime, based on light novel",義妹生活,/xzbatUmI1qlcLHqMmawGduqHh1X.jpg,/4VobhteGHVBfW5tDF1ZL4gymssz.jpg,5.5009,ja,TV,12,1,https://gimaiseikatsu-anime.com,"Kohei Amasaki, Yuki Nakashima, Minori Suzuki",,Official Trailer [Subtitled]
36588,Dear Brother,Ended,1991-07-14,25,"Misonoo Nanako, a professor's daughter, looks forward to her first day at the prestigious Seiran Academy, a girls' school that caters to the rich, or in her case, those with high test scores. She soon finds that the school is polarized by three popular and talented individuals, known as the Magnificent Three. Though Nanako doesn't intend to make waves at this school, when she is tabbed to be a member of the Sorority, the brutal politics that run beneath the surface of the school's sophisticated ...",6.0,6,"Animation, Drama",,おにいさまへ…,/eOxB93uT4DahhesM5XAXVCKriR6.jpg,/sG4oWm2QZSU5bP63uRT3KAnebd.jpg,3.639,ja,TV,39,1,https://tezukaosamu.net/jp/anime/148.html,"Hiroko Kasahara, Keiko Toda, Kenyu Horiuchi",Osamu Dezaki,"Brother, Dear Brother"
13916,Death Note,Ended,2006-10-04,22,"Light Yagami is an ace student with great prospects—and hes bored out of his mind. But all that changes when he finds the Death Note, a notebook dropped by a rogue Shinigami death god. Any human whose name is written in the notebook dies, and Light has vowed to use the power of the Death Note to rid the world of evil. But will Light succeed in his noble goal, or will the Death Note turn him into the very thing he fights against?",8.635,4345,"Animation, Mystery, Sci-Fi & Fantasy","detective, journalism, secret identity, police, supernatural, sociopath, rivalry, murder, serial killer, psychological thriller, based on manga, justice, death, shounen, anime, shinigami, time skip, magic book, psychological, fantastic, prosocial psychopath, horror, suspense mystery, kira, death note",DEATH NOTE,/tCZFfYTIwrR7n94J6G14Y4hAFU6.jpg,/mRwV4W2BAEpte7xlawJP4fsBpmS.jpg,17.2212,ja,TV,37,1,http://www.ntv.co.jp/deathnote/,"Mamoru Miyano, Shido Nakamura, Aya Hirano",,Official Trailer
61901,Death Parade,Ended,2015-01-10,23,"There is a place after death thats neither heaven nor hell. A bar that serves you one chance to win. You cannot leave until the game is over, and when it is, your life may be too.",8.012,525,"Animation, Drama, Mystery","suicide, gambling, jealousy, reincarnation, afterlife, roulette, murder, game, death, macabre, anime, young animator training project, psychological, suspense, fantasy, absurd, incredulous",デス・パレード,/qeD9wDenN7CPA99FScSErJCvcWb.jpg,/ptt4UVsyV32OcTBjbkuH3mQHGmx.jpg,6.4686,ja,TV,12,1,http://www.deathparade.jp,"Asami Seto, Tomoaki Maeno, Misa Kato",,Opening | Flyers - BRADIO
85937,Demon Slayer Kimetsu no Yaiba,Ended,2019-04-06,0,"It is the Taisho Period in Japan. Tanjiro, a kindhearted boy who sells charcoal for a living, finds his family slaughtered by a demon. To make matters worse, his younger sister Nezuko, the sole survivor, has been transformed into a demon herself. Though devastated by this grim reality, Tanjiro resolves to become a “demon slayer” so that he can turn his sister back into a human, and kill the demon that massacred his family.",8.65,6657,"Animation, Action & Adventure, Sci-Fi & Fantasy","sibling relationship, swordplay, sword, magic, training, supernatural, undead, tragedy, coming of age, based on manga, demon, mutilation, dark fantasy, demon hunter, shocking, anachronism, shounen, breathing, anime, time skip, demon slayer, lacrimation, taisho period",鬼滅の刃,/xUfRZu2mi8jH6SzQEJGP6tjBuYj.jpg,/3GQKYh6Trm8pxd2AypovoYQf4Ay.jpg,17.7192,ja,TV,63,5,https://kimetsu.com/anime,"Natsuki Hanae, Akari Kito, Hiro Shimono",,Promotion Reel 2023
235930,Devil May Cry,Returning Series,2025-04-03,0,"When a mysterious villain threatens to open the gates of Hell, a devilishly handsome demon hunter could be the world's best hope for salvation.",7.907,124,"Animation, Action & Adventure, Sci-Fi & Fantasy","based on video game, adult animation, zealot, demon hunter, anime, paramilitary organization",Devil May Cry,/9YA4ko7x1o2NS65lDrlKAuNAqjJ.jpg,/nLyXXIDMpDHvUgxchezxuhoJ4Ej.jpg,56.2618,en,TV,8,2,https://www.netflix.com/title/81506915,,,Sneak Peek: Mercenary Cleanup
12577,Devil May Cry The Animated Series,Ended,2007-06-14,24,The adventures of the demon hunter Dante who himself is half demon and half human.,7.6,214,"Animation, Sci-Fi & Fantasy, Action & Adventure","swordplay, sword, supernatural, hell, gore, gunfight, demon, parallel world, based on video game, anime",デビル メイ クライ,/xDGxMQk24gt4proydCyxddPzTIG.jpg,/776K5RkvhIXm7cyHAUBDaWcSlXC.jpg,19.8136,ja,TV,12,1,http://dmc-tv.com/,"Toshiyuki Morikawa, Misato Fukuen, Akio Otsuka",,Opening
75208,Devilman Crybaby,Ended,2018-01-05,25,"Akira Fudo learns from his best friend Ryo Asuka that demons will revive and reclaim the world from humans. With humans hopeless against this threat, Ryo suggests combining with a demon. With this, Akira becomes Devilman, a being with the power of demon but with a human heart.",7.811,636,"Animation, Action & Adventure, Sci-Fi & Fantasy","angel, philosophy, rape, shapeshifting, anti hero, bisexuality, politics, god, satan, gore, tragedy, miniseries, public sex, bromance, based on manga, demon, masturbation, adult animation, anime, cosmic horror, gay theme, meta, war, body horror, urban fantasy, horror",DEVILMAN crybaby,/2pQ9xfgDa3L3QpoXfkNhISby2R4.jpg,/wuUZxHcyQdx3EurPX0CjD8FgbHG.jpg,8.0683,ja,TV,10,1,https://devilman-crybaby.com,"Koki Uchiyama, Ayumu Murase, Megumi Han",,Opening | MAN HUMAN - DENKI GROOVE
94404,Dorohedoro,Returning Series,2020-01-13,24,"Amnesiac Caiman seeks to undo his lizard head curse by killing the sorcerer responsible, with his friend Nikaido's help. In the Hole, that's a threat.",8.3,349,"Animation, Comedy, Action & Adventure, Sci-Fi & Fantasy","supernatural, steampunk, anthropomorphism, based on manga, seinen, anime, 3d animation, horror",ドロヘドロ,/u4RhmbMlKzeshDE2Wf3uxZuGck2.jpg,/vvAZwI5Kd4n3PI7ZrXjYpBEgpp0.jpg,8.0684,ja,TV,12,2,https://dorohedoro.net,"Reina Kondo, Wataru Takagi, Yu Kobayashi",,Multi-Audio Clip: Caiman and Nikaido's Epic Fight
236132,Dororo,Ended,1991-04-08,0,Komachi is a little ghost who died during the Meiji Era and has hung around earth as a wandering spirit girl for over a hundred years. Komachi appears in the room of a young girl named Anko and the two get wrapped up in all sorts of adventures involving other ghosts and demons.,0.0,0,"Animation, Comedy",,どろろんぱっ,/adaCjUiYjmzLkiYA28bg9jVJcdO.jpg,,40.1987,ja,TV,114,1,,"Fuyumi Shiraishi, Yuriko Fuchizaki, Tamao Hayashi",Tetsuo Yasumi,
86031,Dr Stone,Returning Series,2019-07-05,24,"One fateful day, all of humanity was petrified by a blinding flash of light. After several millennia, high schooler Taiju awakens and finds himself lost in a world of statues. However, he's not alone! His science-loving friend Senku's been up and running for a few months and he's got a grand plan in mind, to kickstart civilization with the power of science!",8.555,1516,"Animation, Action & Adventure, Comedy, Sci-Fi & Fantasy","post-apocalyptic future, survival, disaster, based on manga, educational, environmentalism, lost civilization, shounen, anime, crafting, man vs nature, petrification, war, adventure",Dr.STONE,/rocRrglJfYkglKilmFaStvo5EvS.jpg,/lN13BPAEnc5iXmoxxBQHOZ1ScfZ.jpg,6.603,ja,TV,70,4,https://dr-stone.jp,"Yusuke Kobayashi, Makoto Furukawa, Kana Ichinose",,Official Preview [Subtitled}
80020,Dragon Ball,Ended,2018-07-01,10,"Trunks returns from the future to train with Goku and Vegeta. However, it disappears without warning. Then the mysterious Fu bursts in, telling them that Trunks has been imprisoned in the Prison Planet, a mysterious complex in an unknown place in the universes. The group seeks the dragon balls to free Trunks, but an endless battle awaits them! Will Goku and the others rescue Trunks and escape the Prison Planet?",7.565,3072,"Animation, Action & Adventure, Sci-Fi & Fantasy","fight, attack, battle, spin off, based on video game, anime, original net animation (ona)",スーパードラゴンボールヒーローズ,/8jq6xv5c1WK7KAPOXCsodm8eUxp.jpg,/xlKKD1TXJvh0YYlVPqqQ3g3ZUjM.jpg,26.5693,ja,TV,54,6,http://www.carddass.com/dbh/sdbh/prison_planet,"Masako Nozawa, Ryo Horikawa, Takeshi Kusao",,OFFICIAL Super Dragon Ball Heroes Anime Trailer!
236994,Dragon Ball DAIMA,Ended,2024-10-11,24,"Mysteriously transformed into mini versions of themselves, Goku and his friends travel to the Demon Realm to uncover the truth and find a cure.",8.2,451,"Animation, Action & Adventure, Comedy, Sci-Fi & Fantasy","martial arts, magic, superhero, based on manga, fighting, demon, super power, supervillain, shounen, anime",ドラゴンボールDAIMA,/8tpLyWAmYhe1D0d62gV3CWFDu2f.jpg,/oUmWLyeko3kYdUr8DBLIsxwcugl.jpg,32.2346,ja,TV,20,1,https://dragonballdaima.com,,,Dub Trailer
99769,Dragons Dogma,Ended,2020-09-17,26,"Ethan sets out to vanquish the Dragon that took his heart, but with every demon he battles, the more he loses his humanity.",7.0,184,"Animation, Action & Adventure, Sci-Fi & Fantasy","monster, dragon, demon, based on video game, fantasy world, dark fantasy, anime, revenant",ドラゴンズドグマ,/m8VA5fudLl3jXywxxSsE4g5ltYS.jpg,/aF1uXRZPzlQz9N892QRq0MmjcVf.jpg,2.6333,ja,TV,7,1,https://www.netflix.com/title/80992784,"Yuichi Nakamura, Nana Mizuki, Miyuki Sawashiro",,Dragon's Dogma | Opening Credits | Netflix
250597,Dungeon People,Ended,2024-07-06,25,"An unexplored dungeon, filled with monsters and traps. An expert thief, searching for her lost father. When Clay delves into the dungeon deeper than any adventurer has ever gone, she is offered a job by the dungeon's caretaker! Now, instead of exploring, Clay must learn how to interview new monsters, set traps and position slimes around the dungeon. Will this new career path bring her any closer to finding her father?",8.0,8,"Animation, Comedy, Action & Adventure","magic, based on manga, dungeon, adventurer, anime, dungeons, administration",ダンジョンの中のひと,/n3CEjyTUy6zKX8BCyUnSfYQazP8.jpg,/fhuFYqbeIWo1ot3iXhVhNqVJ5LJ.jpg,2.0507,ja,TV,12,1,https://dungeon-people.com,"Sayaka Senbongi, Sayumi Suzushiro, Naomi Kusumi",,Trailer [Subtitled]
42410,Durarara,Ended,2010-01-08,24,"In Tokyo's downtown district of Ikebukuro, amidst many strange rumors and warnings of anonymous gangs and dangerous occupants, one urban legend stands out above the rest—the existence of a headless ""Black Rider"" who is said to be seen driving a jet-black motorcycle through the city streets.Mikado Ryuugamine has always longed for the excitement of the city life, and an invitation from a childhood friend convinces him to move to Tokyo. Witnessing the Black Rider on his first day in the city, his...",7.7,195,"Action & Adventure, Animation, Drama, Mystery","street gang, based on novel or book, urban legend, youth culture, city life, anime, japanese high school, medical experiment, based on light novel",デュラララ!!,/ePTyPLVtMZdyPnU0KwFjrVCSQmI.jpg,/kH9iK6krt0VBwAv5xbsYyhn8AW5.jpg,10.8259,ja,TV,60,2,http://www.durarara.com/,"Miyuki Sawashiro, Toshiyuki Toyonaga, Mamoru Miyano",,Durarara!! - UK EXCLUSIVE Trailer
74939,ERASED,Ended,2017-12-15,29,"After finding his mom killed, Satoru's time-traveling ability takes him back 18 years for a chance to prevent her death and those of three classmates.",7.34,72,"Drama, Mystery, Crime","child abuse, amnesia, time travel, supernatural, elementary school, murder, serial killer, based on manga, mystery killer",僕だけがいない街,/5PKJjw3dxZlBjJekuEvjl1hUUPV.jpg,/9HHZApcDBtrzgXi5ibeyvzsR3Qm.jpg,2.2693,ja,TV,12,1,https://www.netflix.com/title/80173711,"Yuki Furukawa, Tomoka Kurotani, Mio Yuki",,Erased (Trailer)
21750,Eden of the East,Ended,2009-04-09,25,"When Saki Morimi gets into trouble with the police while in Washington D.C., she is helped by a Japanese man who calls himself, Akira Takizawa. Akira has only two things, a gun and a cell phone loaded with 8.2 billion yen in digital money.",7.1,107,"Animation, Drama, Mystery, Comedy, Action & Adventure","amnesia, anime, psychological",東のエデン,/z7fWrBzCwd5DRPvNh1tr7yaQQP8.jpg,/5yOxRuPljFOM8pPK7MoppZtNmEJ.jpg,2.2201,ja,TV,11,1,https://juiz.jp/,"Saori Hayami, Ryohei Kimura, Atsushi Miyauchi",,Eden of the East - Complete Series on Blu-ray & DVD 10.19.10 - Anime Trailer
248947,FAIRY TAIL 100 YEARS QUEST,Returning Series,2024-07-07,24,"The rowdiest guild in Fiore Kingdom is back! Natsu, Lucy, Gray, Erza, and the whole Fairy Tail guild tackle the legendary ""100 Years Quest,"" tougher than any S-Class quest. Their goal: find the first wizard guild ever, located in the far north of Guiltina. Facing new gods, mysterious towns, and ominous foes, theyll have their work cut out for them. Will they succeed where no wizard has before?",8.2,19,"Animation, Action & Adventure, Sci-Fi & Fantasy","magic, sequel, based on manga, wizard, shounen, anime",FAIRY TAIL 100年クエスト,/95lYuqEYofq6bjQb6sgOzLBA6ja.jpg,/7kdKFFOssyoUeVnUPYMZccbLmde.jpg,8.0342,ja,TV,25,1,https://www.fairytail100yq.com,"Tetsuya Kakihara, Aya Hirano, Rie Kugimiya",,Official Trailer [Subtitled]
245285,Failure Frame I Became the Strongest and Annihilated Everything with Low Level Spells,Ended,2024-07-05,25,"Touka always faded into the background at school. And when hes summoned to another world with his classmates, that still doesnt change! They all acquire top-rank skills, except Touka, whos deemed a failure and cast to ancient ruins by the goddess Vicius. Turns out, his low-rank skills may not be so useless after all. Now, he seeks revenge against the goddess, and his true nature is revealed.",7.691,68,"Animation, Sci-Fi & Fantasy, Action & Adventure","magic, revenge, goddess, anime, another world, isekai, based on light novel",ハズレ枠の【状態異常スキル】で最強になった俺がすべてを蹂躙するまで,/jY95c66M8CODXtBtpfM2AQh3UuK.jpg,/wnOyzCLRiTAdmoY8V1Dmk3AWyHg.jpg,7.102,ja,TV,12,1,https://hazurewaku-anime.com,"Ryota Suzuki, Saki Miyashita, Misaki Watada",,Official Trailer [Subtitled]
229858,Fate strange Fake,Returning Series,2024-12-31,0,"In a Holy Grail War, Mages (Masters) and their Heroic Spirits (Servants) fight for the control of the Holy Grail—an omnipotent wish-granting device said to fulfill any desire. Years have passed since the end of the Fifth Holy Grail War in Japan. Now, signs portend the emergence of a new Holy Grail in the western American city of Snowfield",7.9,7,"Animation, Action & Adventure, Sci-Fi & Fantasy, Drama","swordplay, magic, vampire, survival, conspiracy, religion, super power, anime, foreign, based on light novel, assassins",Fate/strange Fake,/2r5MEaLYl5lZxzgfSmrDybipngl.jpg,/kJVYs2p9SlU6YRZ7pJ0fE5mog2S.jpg,2.4308,ja,TV,2,1,https://fate-strange-fake.com/,"Kana Hanazawa, Yuki Ono, Wataru Hatano",,Official Trailer
88046,Fire Force,Returning Series,2019-07-05,24,"Year 198 of the Solar Era in Tokyo, special fire brigades are fighting against a phenomenon called spontaneous human combustion where humans beings are turned into living infernos called ""Infernals"". While the Infernals are first generation cases of spontaneous human combustion, later generations possess the ability to manipulate flames while retaining human form. Shinra Kusakabe, a youth who gained the nickname Devil's Footprints for his ability to ignite his feet at will, joins the Special Fir...",8.4,531,"Animation, Action & Adventure, Sci-Fi & Fantasy, Comedy","secret organization, post-apocalyptic future, supernatural, based on comic, conspiracy, terrorism, super power, firefighter, shounen, anime, corrupt church, fantasy",炎炎ノ消防隊,/xg9y6QLZMkQWryymXvESSDBSLm0.jpg,/zDXuwmqkTi2lGM4AyloAAX4v51P.jpg,15.2228,ja,TV,60,3,https://fireforce-anime.jp,"Gakuto Kajiwara, Yusuke Kobayashi, Saeko Kamijo",,Fire Force | OFFICIAL PREVIEW
56387,Fist of the North Star,Ended,1984-10-11,24,"In the year 199X, human civilization has been all but destroyed by a nuclear holocaust.",8.1,108,"Action & Adventure, Animation, Sci-Fi & Fantasy, Drama","martial arts, post-apocalyptic future, dystopia, based on manga, fighting, shounen, anime",北斗の拳,/yypGXmBPvyJiD7pOeD2R3q84FlA.jpg,/jTZBj58CmmtLSJFCDbiZ1QS96Ae.jpg,27.031,ja,TV,152,6,,"Akira Kamiya, Takeshi Aono, Koji Totani",,Opening | Ai Wo Torimodose!! (Take Back The Love!!) - CRYSTAL KING [Subtitled]
209867,Frieren Beyond Journeys End,Returning Series,2023-09-29,25,"After the party of heroes defeated the Demon King, they restored peace to the land and returned to lives of solitude. Generations pass, and the elven mage Frieren comes face to face with humanitys mortality. She takes on a new apprentice and promises to fulfill old friends dying wishes. Can an elven mind make peace with the nature of life and death? Frieren embarks on her quest to find out.",8.769,420,"Animation, Action & Adventure, Sci-Fi & Fantasy, Drama","elves, magic, immortality, friendship, slice of life, female protagonist, based on manga, combat, medieval, fantasy world, shounen, anime, immortal, wonder, memories, mage, trip, fantasy, existential, passing of time, adventure, compassionate, sympathetic",葬送のフリーレン,/dqZENchTd7lp5zht7BdlqM7RBhD.jpg,/96RT2A47UdzWlUfvIERFyBsLhL2.jpg,24.889,ja,TV,28,2,https://frieren-anime.jp/,"Atsumi Tanezaki, Kana Ichinose, Chiaki Kobayashi",,Official Netflix Trailer [Subtitled]
36941,Fruits Basket,Ended,2001-07-05,24,"Tohru Honda is 16 year old orphaned girl who gets invited to live in the house of her classmate, the handsome boy Sohma Yuki, and his cousins, 16 year old Kyo and 27 year old Shigure. However, these young men and parts of the rest of their family (both close and distant) hold a curse; if they are hugged by the opposite gender, they transform into animals of the Chinese Zodiac. Everyday is an adventure for sweet Tohru, as she gets to know everyone in the large family better (especially Yuki and K...",6.9,67,"Animation, Comedy, Drama","magic, transformation, supernatural, high school, bullying, harem, romcom, romance, slice of life, dysfunctional family, curse, tragedy, school, based on manga, kindness, school life, angst, heart warming, shoujo, anime, bishounen, chinese zodiac signs, family life, japanese high school, reverse harem",フルーツバスケット,/6WQf2frdsNFt98LVx4AcVTNlIZ8.jpg,/yGu6dz6tBAC4GE4gHzdsoDD6btG.jpg,4.2554,ja,TV,26,1,http://www.tv-tokyo.co.jp/anime/fruits_basket/,"Yui Horie, Kotono Mitsuishi, Aya Hisakawa",,Fruits Basket  Opening Theme (English)  For Fruits Basket
19239,Future Boy Conan,Ended,1978-04-04,29,"After the great disaster of 2008, a war that destroyed the planet, the world is now largely ocean with the continents having sunk. Conan lives on a remote island with his grandpa and nature, never having seen another human being. But one day a mysterious girl, Lana, washes up on his beach. The two become quick friends, but shes soon kidnapped and taken to Industria, a technological remainder from the world before. Conan leaves his island in pursuit, braving new lands and many hardships with new...",8.4,190,"Animation, Action & Adventure, Sci-Fi & Fantasy, Family, Comedy, Drama","ocean, based on novel or book, post-apocalyptic future, environmental, conan, anime, children's adventure",未来少年コナン,/tmlhwdTBA264iQF2Us5vWdKz1fE.jpg,/rcFkixO3vY2oyBM7NQsL3SPcXas.jpg,6.7842,ja,TV,26,1,https://future-boy-conan.com/,"Noriko Ohara, Mieko Nobusawa, Kazuyo Aoki",,"Hayao Miyazaki's Future Boy Conan on Blu-ray & Digital [Official Trailer, GKIDS]"
57041,Gintama,Ended,2006-04-04,24,"Life isn't easy in feudal Japan... especially since the aliens landed and conquered everything! Oh sure, the new health care is great, but the public ban on the use of swords has left a lot of defeated samurai with a difficult decision to make concerning their future career paths! This is especially true if, as in the case of Gintoki Sakata, they're not particularly inclined towards holding a day job, which is why Gintoki's opted for the freelance route, taking any job that's offered to him as l...",8.1,210,"Action & Adventure, Animation, Comedy, Sci-Fi & Fantasy","samurai, katana, sword, space invasion, sword fight, parody, space, alien, ninja, based on manga, katana sword, female ninja, shogun, edo period, shinsengumi, shounen, anime",銀魂,/f7vK8pzZIqhyA8sYmBpWmp9Ae7.jpg,/yUZCIdyiu5NKenp1Bw2Ullwuzgm.jpg,6.7056,ja,TV,367,11,http://www.tv-tokyo.co.jp/anime/gintama/index2.html,"Tomokazu Sugita, Rie Kugimiya, Daisuke Sakaguchi",,
215799,Go Go Loser Ranger,Returning Series,2024-04-07,24,"With their old hideout and bosses wiped out, the surviving Dusters make a secret agreement with the Ranger Force to engage in the weekly Sunday Showdown - one where they will always be defeated. Tired of this charade, Fighter D finally steps up to make a change once and for all!",7.4,30,"Animation, Sci-Fi & Fantasy, Action & Adventure, Comedy","superhero, parody, dark comedy, based on manga, superhero team, shounen, anime, sentai, henshin heroes, urban fantasy, urban adventure",戦隊大失格,/1xLqRhNM41Xv0UZRZsHBhsnB1lx.jpg,/M0CIWl08Bj2U271ahU61JkWztc.jpg,12.6464,ja,TV,14,1,https://anime.shochiku.co.jp/anime-sentai-daishikkaku/,"Yusuke Kobayashi, Daishi Kajita, Yumika Yano",,
239853,Grandpa and Grandma Turn Young Again,Ended,2024-04-07,24,"Shouzou and Ine Saitou have been happily married for as long as they can remember. Even in their old age with wrinkles and cracking limbs, the strength of this love is evident in their precious bond. And then, one day, they wake up to find they are young again! Despite their newfound youthful and attractive bodies, Shouzou and Ine remain the same as ever.",7.2,16,"Animation, Comedy, Family","supernatural, romance, slice of life, based on manga, seinen, anime",じいさんばあさん若返る,/7FItegJZQfOIbXuREoza3mz1tYU.jpg,/6ZjUnzQVyQhylxdmmvCNZUCDqOF.jpg,3.6435,ja,TV,11,1,https://jisanbasan.com,"Shin-ichiro Miki, Mamiko Noto, Shiori Mikami",,Official Trailer [Subtitled]
60667,Gundam Build Fighters,Ended,2013-10-07,24,"Sei Iori is a Gunpla builder whose family runs a hobby shop in a small town. He aspires to be a Gunpla Battle champion like his father, but despite his exceptional building skills, he lacks the combat abilities to compete with other contestants. Then one day, he meets a mysterious boy named Reiji, who helps him improve his confidence in participating in Gunpla Battles. Together, Sei and Reiji battle their way to the 7th Gunpla Battle World Tournament.",7.2,18,"Animation, Comedy, Sci-Fi & Fantasy, Kids, Family","mecha, based on toy, anime, gunpla, proxy battle, gundam, reverse isekai, model kit",ガンダムビルドファイターズ,/k8EBZ63k2fOfQNRJWpyqFxcQTZI.jpg,/mx0loGeDTtIV7ITfJTweo7Vm1t9.jpg,11.9091,ja,TV,50,2,http://gundam-bf.net/,"Kazumi Togashi, Yuma Uchida, Yui Makino",,Opening 1 [Subtitled]
229906,Gundam Requiem for Vengeance,Ended,2024-10-17,0,"Eleven months into the One Year War in U.C.0079, top Zaku II pilot Captain Solari faces the Earth Federation's new lethal weapon: the mobile suit Gundam.",7.25,52,"War & Politics, Sci-Fi & Fantasy, Animation","europe, pilot, mecha, giant robot, miniseries, anime, gundam",機動戦士ガンダム 復讐のレクイエム,/ybJkwgv63Ht3bZNOrKsbTwYmaFC.jpg,/jYq8uw7vRIDoptXMFqQblE903xn.jpg,2.8824,ja,TV,6,1,https://gundam-requiem.net,"Celia Massingham, James Watts, Lavance",,Exclusive Clip
21729,Gurren Lagann,Ended,2007-04-01,24,"In the distant future, mankind has lived quietly and restlessly underground for hundreds of years, subject to earthquakes and cave-ins. Living in one such village are 2 young men: one named Simon who is shy and naïve, and the other named Kamina who believes in the existence of a “surface” world above their heads.",8.2,517,"Animation, Action & Adventure, Sci-Fi & Fantasy","space battle, dystopia, romance, travel, mecha, coming of age, giant robot, military, anime, super robot, adventure",天元突破グレンラガン,/xL6HsYsk5N9PKwk6jFwMNQq3K3M.jpg,/rfgtmeFvT0bU3AjX6b7C4Vj8iBY.jpg,14.1394,ja,TV,27,1,https://www.gurren-lagann.net/,"Tetsuya Kakihara, Katsuyuki Konishi, Marina Inoue",,Opening | Sky Blue Days - Shoko Nakagawa [Creditless]
34164,Haibane Renmei,Ended,2002-10-09,24,"A dream of falling from the sky...and then birth. Rakka is born from a large cocoon into the Old Home, greeted by a group of females with small wings on their backs and shining halos above their heads. Soon Rakkas own wings grow, a halo is placed on her head and she is told that she must work in the nearby town of Grie. She soon realizes that the town and the entire world they live in are confined behind the Wall, a tall, impenetrable wall that none except the mysterious Toga are allowed to exi...",7.803,104,"Animation, Drama, Sci-Fi & Fantasy","japan, suicide, angel, countryside, amnesia, afterlife, slice of life, tragedy, redemption, magic realism, angst, rebirth, seinen, feather, calm, anime, salvation, introspective, psychological, inspirational, casual, depressing, comforting, joyful",灰羽連盟,/uSrIXnPIUkapk0JwMldDZTusl5O.jpg,/sC7DcOOWmQ2WNEVDjLY0t8rEwqS.jpg,5.0733,ja,TV,13,1,https://www.nbcuni.co.jp/rondorobe/anime/haibane/,"Ryo Hirohashi, Junko Noda, Eri Miyajima",,Haibane Renmei - Available on DVD 9.4.12 - Trailer
80546,Harukana Receive,Ended,2018-07-06,24,"Oozora Haruka, who's just moved to Okinawa, is generally cheerful and optimistic, but there's one thing she feels insecure about: she's taller than most other girls. Her cousin Higa Kanata also has one hang-up: she had to quit her beach volleyball because she was too short. The mismatched cousins find themselves paired up as a beach volleyball team.",7.503,186,Animation,"beach, sports, slice of life, female protagonist, based on manga, ecchi, anime, beach volley",はるかなレシーブ,/4HLvWlgTNLQMht1oOXAm9N6j5Rq.jpg,/2VnWiUnFQmHIvyOT0F5ZDUkWQnj.jpg,1.7917,ja,TV,12,1,http://www.harukana-receive.jp,"Kana Yuuki, Saki Miyashita, Atsumi Tanezaki",,
117465,Hells Paradise,Returning Series,2023-04-01,25,"Gabimaru reigns as the strongest and most ruthless assassin in his village. But now finds himself on death row—with only one way out: retrieve the Elixir of Life from a sinister island. Longing for freedom, he accepts the challenge. But with fellow convicts vying for the same prize and demonic beasts lurking, how will Gabimaru survive this harrowing quest?",8.155,284,"Animation, Drama, Action & Adventure, Sci-Fi & Fantasy","martial arts, supernatural, ninja, based on manga, historical, combat, edo period, shounen, anime, adventure",地獄楽,/1V9I7SvZbYoMbSvdtnlkkq9SB1k.jpg,/vjiIuR3XGpoGSumQ7DziPAmxIYR.jpg,13.9866,ja,TV,14,2,https://www.jigokuraku.com,"Chiaki Kobayashi, Yumiri Hanamori, Ryohei Kimura",,Dub Trailer
56998,High School of the Dead,Ended,2010-07-05,24,"One morning, the high school student Takashi Komuro enjoys the silence at school when he's suddenly interrupted by strange noises and a shaky-legged person who tries to enter the school grounds. Subsequently, several teachers come to the school gate to shoo the person away. All of a sudden, a teacher is bitten by the person and within seconds the school campus becomes a place of violence, blood, death and undead zombies. Takashi, shocked by the scenery, runs for his life to save his schoolmates ...",8.181,842,"Animation, Action & Adventure, Drama, Sci-Fi & Fantasy","swordplay, post-apocalyptic future, supernatural, high school, harem, end of the world, gore, survival, coming of age, gunfight, zombie, based on manga, epidemic, survival horror, zombie apocalypse, virus, angst, ecchi, shounen, anime, big tits, erotic",学園黙示録 HIGHSCHOOL OF THE DEAD,/jaGpsfRddhzkZIlqxDnDqT3XBhr.jpg,/ivWNDYPxDMjc82ajeSPuyq70hu9.jpg,8.523,ja,TV,12,1,https://www.nbcuni.co.jp/rondorobe/anime/hotd/,"Junichi Suwabe, Marina Inoue, Miyuki Sawashiro",,High School of the Dead Official Trailer
25760,Higurashi When They Cry,Ended,2006-04-05,24,"After moving into the quiet town of Hinamizawa, Maebara Keiichi spends his days blissfully in school often playing games with his local friends. However, appearances can be deceiving. One fateful day, Keiichi stumbles upon news of a murder that had occurred in Hinamizawa. From this point on, horrific events unfold in front of Keiichi, as he soon learns his close friends may not be all that they seem.",7.8,203,"Animation, Drama, Mystery","mass murder, trauma, baseball bat, sadism, village, supernatural, murder, rampage, gore, psychological thriller, torture, fear, psychic, witness to murder, dungeon, shrine, folklore, bloodbath, 1980s, traumatic experience, anime, based on visual novel, psychological, horror",ひぐらしのなく頃に,/z6GrUoKte5lzPxR7HWyiSLVieUC.jpg,/uVKUGxUSfdsGk9mvLt9mDkbATw5.jpg,8.6116,ja,TV,50,2,http://www.oyashirosama.com/web/story/index.htm,"Soichiro Hoshi, Mai Nakahara, Satsuki Yukino",,Season 2 Official Trailer
46298,Hunter x Hunter,Ended,2011-10-02,24,"To fulfill his dreams of becoming a legendary Hunter like his dad, a young boy must pass a rigorous examination and find his missing father.",8.649,1853,"Animation, Action & Adventure, Sci-Fi & Fantasy","martial arts, bounty hunter, virtual reality, training, friendship, remake, revenge, organized crime, tragedy, coming of age, tournament, bromance, based on manga, fighting, super power, death match, mutilation, shounen, anime, fantasy, adventure",HUNTER×HUNTER,/i2EEr2uBvRlAwJ8d8zTG2Y19mIa.jpg,/6U0e6OHklJAcMAuIoGXjTBS5zsI.jpg,55.5695,ja,TV,148,3,https://www.ntv.co.jp/hunterhunter/sphone/,"Megumi Han, Mariya Ise, Issei Futamata",,Official Extended Trailer
262141,I Have a Crush at Work,Ended,2025-01-06,24,"Yui Mitsuya and Masugu Tateishi aren't just any coworkers—they totally have the hots for each other. His helpful yet humble attitude makes her giddy, and her cuteness leaves him grinning like a fool. Problem is, they're trying to keep their new relationship under wraps to avoid making things awkward at work. But seeing how they can't keep their hands off each other, they run the risk of spilling their little secret with each passing day at the office.",8.0,11,"Animation, Comedy","work, romcom, romance, slice of life, based on manga, seinen, anime",この会社に好きな人がいます,/x1BBUPUwxGI4ISk8yZ0Y3E6bFHU.jpg,/dOECK5Ru10T77ZXTiqZ3yv5UE5k.jpg,6.7955,ja,TV,12,1,https://kaishani-sukinahito.com,"Seiichiro Yamashita, Yume Miyamoto, Shizuka Itoh",,
216269,Im in Love with the Villainess,Ended,2023-10-03,24,"The world turns upside down when a corporate drone wakes up as Rae Taylor, the heroine in her favorite otome game, Revolution. Rae is elated at the opportunity to court Claire François, the games villainess and the object of her affection. Armed with her knowledge of the game and events to come, Rae sets out to make Claire fall for her. But how will the villainess take Raes romantic advances?",7.1,26,"Animation, Comedy, Sci-Fi & Fantasy","video game, magic, reincarnation, romance, school, shoujo-ai, anime, yuri, isekai, girls love, magic school, based on light novel, otome game",私の推しは悪役令嬢。,/29jtBbv4eSk0QHdVMLwl8P4p6NX.jpg,/irpfqoLS3cI08zGSpCDhclA3yyR.jpg,3.091,ja,TV,12,1,https://wataoshi-anime.com,"Yu Serizawa, Karin Nanami, Daisuke Namikawa",,Official Trailer 3 [Subtitled]
35610,InuYasha,Ended,2000-10-16,24,"Kagome Higurashi is a modern day young girl who lives with her family by the old Higure shrine. Unbeknownst to Kagome, she is the reincarnation of priestess Kikyo and posseses the ""Jewel of Four Souls"" (the Shikon jewel). One ill-fated day, Kagome locates an ancient well near her home and is abruptly transported through the well and into a feudal Japan, inhabited by demons. There, she encounters Inuyasha, son of a powerful demon father and a human mother, who is pinned to a tree by an enchanted ...",8.589,2005,"Animation, Sci-Fi & Fantasy, Action & Adventure, Comedy, Mystery","love triangle, martial arts, swordplay, magic, time travel, supernatural, romance, based on manga, demon, historical, parallel world, super power, youkai, feudal japan, shounen, anime, isekai, adventure",犬夜叉,/m7gGPZCguDU7bmVqQ2ZiSo7b9Xc.jpg,/4fdZWrFwrn905gpUJvYWOEVWTY0.jpg,29.3568,ja,TV,193,2,http://www.sunrise-inc.co.jp/yasya/,"Kappei Yamaguchi, Satsuki Yukino, Izumi Ōgami",Yasunao Aoki,"Official English Trailer Extended | Inuyasha, Set 1 | VIZ"
220286,Ishura,Ended,2024-01-03,24,"A host of demigods have inherited the world after the Demon King has died, and a battle to determine the mightiest ensues.",6.8,24,"Animation, Action & Adventure, Sci-Fi & Fantasy","fantasy world, anime, based on light novel, bitter",異修羅,/twNBSlJ6mbKGjbmhkKF09BeeCkD.jpg,/4QJjj63L1pfhiF9rSRAVbwB4lLp.jpg,7.17,ja,TV,24,2,https://ishura-anime.com/,,,Official Trailer | Ishura  2023 | English Sub
94423,Japan Sinks 2020,Ended,2020-07-09,24,"After catastrophic earthquakes devastate Japan, one family's resolve is tested on a journey of survival through the sinking archipelago.",7.2,311,"Sci-Fi & Fantasy, Animation, Action & Adventure, Drama","based on novel or book, cataclysm, olympic games, earthquake, chaos, natural disaster, murder, tragedy, disaster, tokyo, japan, destruction, family, archipelago, anime, survive, landslides",日本沈没2020,/guWqteZJ16ABGGtXIKFyDBAo8Ik.jpg,/6aJMl28iBbhZLxDIj3Vqfaonzv2.jpg,3.8633,ja,TV,10,1,https://japansinks2020.com,"Taichi Takeda, Reina Ueda, Tomo Muranaka",,Official Trailer  [Subtitled]
95479,Jujutsu Kaisen,Returning Series,2020-10-03,24,"Yuji Itadori is a boy with tremendous physical strength, though he lives a completely ordinary high school life. One day, to save a classmate who has been attacked by curses, he eats the finger of Ryomen Sukuna, taking the curse into his own soul. From then on, he shares one body with Ryomen Sukuna. Guided by the most powerful of sorcerers, Satoru Gojo, Itadori is admitted to Tokyo Jujutsu High School, an organization that fights the curses... and thus begins the heroic tale of a boy who became ...",8.579,3826,"Animation, Action & Adventure, Sci-Fi & Fantasy","martial arts, exorcism, secret organization, sorcery, supernatural, possession, paranormal, curse, tragedy, sorcerer, school, bromance, based on manga, spirit, demon, demonic possession, dark fantasy, school life, youkai, shounen, anime, japanese high school, occultism, supernatural ability, urban fantasy, cursed object, urban adventure",呪術廻戦,/fHpKWq9ayzSk8nSwqRuaAUemRKh.jpg,/gmECX1DvFgdUPjtio2zaL8BPYPu.jpg,66.6794,ja,TV,47,1,https://jujutsukaisen.jp,,,JUJUTSU KAISEN Opening | Kaikai Kitan by Eve
203704,Junji Ito Maniac Japanese Tales of the Macabre,Ended,2023-01-19,25,"From the mind of horror manga maestro Junji Ito comes a spine-tingling selection of some of his most bizarre, disturbing and terrifying tales.",6.967,105,"Animation, Mystery, Sci-Fi & Fantasy, Drama","anthology, based on manga, demon, anime, terror, psychological, body horror, horror, thriller",伊藤潤二『マニアック』,/eE3vyu2F8upsQujhS8IP7QiG8Hm.jpg,/tI4A1Md9J5QHARl60TsMpekSsvg.jpg,5.2143,ja,TV,12,1,http://ji-anime.com,,,Official Trailer [Subtitled]
90660,KENGAN ASHURA,Ended,2019-07-31,23,"Ohma Tokita enters a hidden world where corporate disputes are settled in brutal gladiator bouts. Forget the money, he just wants to fight — and win.",8.349,970,"Animation, Action & Adventure, Sci-Fi & Fantasy","japan, martial arts, gladiator, challenge, based on manga, anime, blood, original net animation (ona)",ケンガンアシュラ,/tqR96OMBKzHNCNwJB3f3NsCkXbL.jpg,/wJtrctuWTKgIi45zLw9tTjWQFY3.jpg,12.8521,ja,TV,52,2,http://kengan.net/,Tatsuhisa Suzuki,,Teaser [Subtitled]
65945,Kabaneri of the Iron Fortress,Ended,2016-04-08,22,"In the midst of an industrial revolution, the people of Hinomoto fight hordes of undead creatures, known as Kabane, using powerful armored trains.",6.917,162,"Animation, Drama, Action & Adventure, Sci-Fi & Fantasy","samurai, post-apocalyptic future, steampunk, survival, zombie, train, zombification, zombie apocalypse, epic battle, anime, suspense, horror",甲鉄城のカバネリ,/a9lY3DCLU3DWvUshho6hAX2hKKh.jpg,/rGpgCQbdWvAThLKASFlFWWPdj3r.jpg,15.9581,ja,TV,12,1,http://kabaneri.com,"Sayaka Senbongi, Tasuku Hatanaka, Yuki Kaji",,OFFICIAL TRAILER
61427,Kingdom,Ended,2014-10-08,0,"A raw family drama set against the world of Mixed Martial Arts (MMA) in Venice, California. Alvey Kulina owns Navy St. MMA with the help of his girlfriend Lisa Prince. He is willing to go through extraordinary means to make sure his fighters are taken care of, but all of this responsibility comes at a steep price. He has complicated relationships with both of his sons, Jay and Nate, who are both struggling with their own identities and places within Alveys life and gym.",6.8,123,Drama,"competition, sibling relationship, drug abuse, parent child relationship, training, sports, mixed martial arts (mma), in the closet, gym, ex-con, lower class",Kingdom,/xkRyopANOnO60KWm6DjozXlq9w4.jpg,/vzgIoCjNKDDpeEoDRqzTEwXPSo6.jpg,12.204,en,TV,40,3,http://kingdom.directv.com,"Frank Grillo, Jonathan Tucker, Nick Jonas",,Kingdom | Season 1 Marathon | AT&T AUDIENCE Network
123542,LINK CLICK,Returning Series,2021-04-30,23,"Using superpowers to enter their clienteles photos one by one, Cheng Xiaoshi and Lu Guang take their work seriously at “Time Photo Studio,” a small photography shop set in the backdrop of a modern metropolis. Each job can be full of danger, but nothing is more important than fulfilling every order, no matter the scale…or peril involved!",8.2,79,"Animation, Sci-Fi & Fantasy, Mystery","bromance, anime, suspense, time manipulation, animation, urban fantasy, donghua, original net animation (ona), qihuan, zhiyu",时光代理人,/hCt2bLRGTCjHGqtV5FP3Img6w1h.jpg,/w3agwUSMpJ4X9t1jGrDtqqRPjDQ.jpg,15.834,zh,TV,29,3,https://www.bilibili.com/bangumi/media/md28230742/,"Su Shangqing, Yang Tianxiang, Li Shimeng",Li Haoling,Link Click Opening | Dive Back in Time by the JAWS
231003,Lazarus,Returning Series,2025-04-06,25,"In 2052, a Nobel Prize-winning neuroscientist develops a drug called Hapuna — a cure-all that has the unexpected side-effect of causing death three years later. In response to this threat, a special force of agents—nicknamed ""Lazarus""— is assembled to take on the malevolent Skinner.",9.2,11,"Animation, Sci-Fi & Fantasy, Action & Adventure","fugitive, criminal underworld, task force, miracle drug, neuroscientist, anime, near future",Lazarus,/j5Tvg6cF4jM2nB9YrjQ3Jiq3PBn.jpg,/1WxpAZfoW8B2sIfWND81GdTHm4G.jpg,23.1733,en,TV,13,1,https://www.adultswim.com/videos/lazarus,"Mamoru Miyano, Makoto Furukawa, Maaya Uchida",,Early Preview: Prison Break
258579,Let This Grieving Soul Retire,Returning Series,2024-10-01,24,"Six childhood friends make a vow one day to become treasure hunters, and eventually grow to be the strongest heroes in the world. During his first quest, Krai Andrey realizes he isnt cut out for the job. Even so, his friends make him their leader. Underpowered in the face of great expectations, Krai embarks on a reluctant heros tale of glory, headaches, and wanting to retire early.",7.2,19,"Animation, Comedy, Sci-Fi & Fantasy","magic, harem, coming of age, demon, super power, dungeon, anime, treasure hunter, based on light novel",嘆きの亡霊は引退したい,/egViTAdBqUyUFI2sIBsGbnH5Sun.jpg,/q5MecncRkHxOsOrlpzfNSUstxGg.jpg,5.2844,ja,TV,14,2,https://nageki-anime.com,"Kensho Ono, Miyu Kubota, Fairouz Ai",,Official Trailer [Subtitled]
13967,Liar Liar,Ended,2007-04-14,43,"Nao Kanzaki, a student, was blackmailed into joining a ""Liar Game"" and ended up losing 100 million yen. In order to repay the debt, she enlists the help of Shin'ichi Akiyama, a genius swindler who was only recently released from jail for bankrupting one of Japan's largest scam companies.",7.8,59,"Drama, Crime","japan, secret organization, friendship, genius, psychopath, revenge, deception, betrayal, debt, scam, based on manga, game, ex-con, lying, mind game, drastic change of life, strategy game, mind games, intellectual game, cheat each other, deceive, chance to make big bucks",Liar Game,/oSaZVSF5exQKXHIDotbTqA8ZntJ.jpg,/sxZfrfSJ0rXDpoLCDty6UMWNF6Q.jpg,6.4753,ja,TV,22,2,https://www.fujicreative.co.jp/for_buyers/more_info/tabid/106/pdid/193/Default.aspx,"Shota Matsuda, Erika Toda, Michiko Kichise",,
259558,Loner Life in Another World,Ended,2024-09-27,0,"Isekai'd into another world, Haruka makes use of seemingly underpowered skills to live as a lone wolf.",7.474,19,"Animation, Action & Adventure, Sci-Fi & Fantasy","magic, parallel world, shounen, anime, isekai, fantasy, based on light novel, necromancy",ひとりぼっちの異世界攻略,/i3xDZvuOp4Zm2OTDG6vaiu5ITQ5.jpg,/zaHjiOt7wK1XnNYyFgotqHvHkYH.jpg,4.5032,ja,TV,12,1,https://bocchi-kouryaku.com,"Shuichiro Umeda, Haruka Shiraishi, Rika Abe",,Dub Trailer
210942,Lookism,Ended,2022-12-08,0,"In a society that favors good looks, a high school outcast leads a double life switching between his two bodies that are polar opposites in appearance.",8.4,262,"Comedy, Drama, Animation","body-swap, high school student, web series, based on webcomic or webtoon, aeni, original net animation (ona), based on manhwa, lookism",외모지상주의,/qkoM63HDuCOSwxGfb0pljrgns9I.jpg,/vjvL4LCLMxOcFOuaYLPQMtAEFJ0.jpg,5.2602,ko,TV,8,1,https://www.netflix.com/title/81177634,"Shim Kyu-hyuck, Han Shin, Ryu Seung-gone",,Official Trailer [Subtitled]
230697,Love Is Indivisible by Twins,Ended,2024-07-10,24,"Jun Shirosakis love life takes a wild turn when he finds himself caught between the Jinguji twins—his childhood friends who are as different as night and day. Rumi, the older sister, pairs a boyish charm with a maidens heart, while Naori combines girlish looks with her deep love for otaku culture. As feelings grow and confusion mounts, Jun must navigate this unexpected love triangle next door.",7.9,11,"Animation, Comedy, Drama","love triangle, romance, slice of life, school, twins, school life, anime, japanese high school, love polygon, based on light novel",恋は双子で割り切れない,/3Q8w7vkPG3byxJk8eUX5fnRtgTo.jpg,/3DYvPcIeyXL69yw43CEPpnKXbEW.jpg,3.0274,ja,TV,12,1,https://futakire.com,"Shogo Sakata, Moeha Nochimoto, Maaya Uchida",,Official Trailer [Subtitled]
204832,MASHLE MAGIC AND MUSCLES,Returning Series,2023-04-08,24,"In the magic realm, magic is everything—everyone can use it, and ones social status is determined by their skill level. Deep in the forest, oblivious to the ways of the world, lives Mash. Thanks to his daily training, hes become a fitness god, but he harbors a secret that could turn his life upside down—he cant use magic! When hes found out, rather than his life being over, hes unexpectedly enrolled in magic school, where he must beat the competition!",8.351,511,"Animation, Comedy, Action & Adventure, Sci-Fi & Fantasy","martial arts, magic, parody, school, based on manga, combat, shounen, anime, magic school",マッシュル-MASHLE-,/yORTvQOQTZzZ9JRIpRH4QaIaQBm.jpg,/p1swd15DRtCnNj20U904dbXeVsi.jpg,22.4315,ja,TV,24,1,https://mashle.pw,"Chiaki Kobayashi, Reiji Kawashima, Kaito Ishikawa",,S2 Opening | Bling-Bang-Bang-Born - Creepy Nuts
244617,MAYONAKA PUNCH,Ended,2024-07-08,24,"Meet Masaki, the now former member of the popular NewTuber group, Harikiri Sisters. After a career setback, aka getting fired unexpectedly via a livestream, she joins forces with Live, a partner with superhuman abilities. Together, they aim to create sensational content and reach 1 million subscribers. Will they reach their content dreams or be hit with the block button?",8.1,9,"Animation, Comedy","anime, youtuber",真夜中ぱんチ,/swn5NHufGGFOYShducrbaHN9Oyb.jpg,/7RwDgiCDe7MLPlwtK6CIqMEWjXh.jpg,2.3274,ja,TV,12,1,https://mayopan.jp/,"Ikumi Hasegawa, Fairouz Ai, Yuina Ito",,Official Trailer [Subtitled]
72636,Made in Abyss,Ended,2017-07-07,24,"Located in the center of a remote island, the Abyss is the last unexplored region, a huge and treacherous fathomless hole inhabited by strange creatures where only the bravest adventurers descend in search of ancient relics. In the upper levels of the Abyss, Riko, a girl who dreams of becoming an explorer, stumbles upon a mysterious little boy.",8.405,529,"Animation, Drama, Action & Adventure, Sci-Fi & Fantasy","android, amnesia, post-apocalyptic future, exploration, friendship, mecha, gore, survival, curse, tragedy, orphan, based on manga, robot, dark fantasy, seinen, mysterious, anime, drastic change of life, fantasy, adventure",メイドインアビス,/f6U3odfIb3pCXMGKRTQGGF9o1Qg.jpg,/uzp513qTcHsAavlCJ58x5d73bzy.jpg,10.709,ja,TV,25,2,http://miabyss.com,"Miyu Tomita, Mariya Ise",,MADE IN ABYSS English Dub Trailer
43018,Maison Ikkoku,Ended,1986-03-26,26,"Godai is a ronin (someone who has failed university entrance exams) living in a run down apartment house called Maison Ikkoku. Among the other residents are the nosy Ichinose, the sexy Akemi Roppongi, and the mysterious Yotsuya. The others are given to having wild parties which makes it difficult for Godai to study. Into this mayhem comes the recently widowed Kyoko as the new live-in manager. Godai falls for her, but doesn't have the nerve to tell her. As time passes, their relationship slowly d...",7.7,27,"Animation, Comedy, Romance","slice of life, based on manga, anime",めぞん一刻,/6jN5iROb8bwm8RSjeKw4OXh93Xo.jpg,/jZWjMz1ltf32tV42T41s1LtyHvC.jpg,10.4476,ja,TV,96,4,,"Issei Futamata, Sumi Shimamoto, Shigeru Chiba",,Maison Ikkoku TV Series DVD Trailer (English)
241535,Makeine Too Many Losing Heroines,Returning Series,2024-07-14,24,"Meet the girls on the losing side of romance! First is Anna Yanami, the girl-next-door type who cant say no to delicious food. Then theres Lemon Yakishio, a beautiful and spirited athlete. Last but not least is Chika Komari, the cute yet shy heroine with gentle charm. Together, they navigate awkward setbacks hoping to finally find love!",8.7,40,"Animation, Comedy","romcom, slice of life, unrequited love, school, shounen, anime, based on light novel",負けヒロインが多すぎる！,/oRsm8wiA9QJHT4YNpU7jzsyujAS.jpg,/j0jWgU0irCQvfnUQfugLwyTJHoq.jpg,7.4009,ja,TV,12,2,https://makeine-anime.com,"Shuichiro Umeda, Hikaru Tono, Shion Wakayama",,Official Trailer [Subtitled]
237529,Medalist,Returning Series,2025-01-05,23,"Tsukasa Akeuraji, a frustrated skater, meets Inori Yuitsuka, a girl who yearns to be a figure skater. Motivated by Inori's obsession on the rink, Tsukasa begins coaching Inori. Inori's talent blossoms, and Tsukasa becomes a brilliant mentor. Together they aim to make her a glorious medalist!",8.556,18,"Animation, Drama","competition, olympic games, training, sports, figure skating, based on manga, ice skating, seinen, anime, winter sport, spokon",メダリスト,/cdV6n9VnvlhwlcAr3OneuSn3XeD.jpg,/lUZ6ThctsCMee63Cu02F1F6rgC1.jpg,5.6923,ja,TV,13,2,https://medalist-pr.com,"Natsumi Haruse, Takeo Otsuka",,
216467,Mission Yozakura Family,Returning Series,2024-04-07,25,"Taiyo Asano has been on his own ever since his parents died and the only one who seems to care for him is his childhood friend and classmate, Mutsumi Yozakura. But Mutsumi has a secret—she is the head of a family of spies! And on top of that, her brother Kyoichiro is dangerously protective of her! To stop Kyoichiro from killing him, Taiyo and Mutsumi must take the ultimate leap—marriage! Because in the Yozakura family, family cannot kill family.",7.4,44,"Animation, Comedy, Action & Adventure","spy, secret organization, marriage, based on comic, romance, based on manga, family, shounen, anime, teen spy, espionnage, thriller",夜桜さんちの大作戦,/dTtXbR0DenriganfBidZxFLk4Xx.jpg,/xUC6mdVESvJN2umz8mNxKn89Htf.jpg,10.6067,ja,TV,28,2,https://mission-yozakura-family.com,"Reiji Kawashima, Kaede Hondo, Katsuyuki Konishi",,
222783,Monster But Wild,Returning Series,2023-04-16,20,"The player Dongdong mistakenly entered the game world ""Azure"" and changed into a skeleton, the weakest wild creature. The unidentified Dongdong used his years of gaming experience to amass a band of wild monsters early on. He met the main character, Bubble, made a deal with her to become her strongest pet, and then set off on an amusing and thrilling adventure with Bubble and his new pals in ""Azure."" The phenomenon of NPCs and wild monsters in the game gradually awakening and yearning for the hu...",6.0,3,"Animation, Action & Adventure, Comedy, Sci-Fi & Fantasy","isekai, 3d animation, web series, based on webcomic or webtoon, based on manhua, donghua",区区不才，在下野怪,/e4SLnzWxyyiMgYkKux3A61RMVu0.jpg,/dEfRwWoudmdIdraP7V05wa9XjoX.jpg,1.2705,zh,TV,28,2,https://www.bilibili.com/bangumi/media/md28339947,,,
203740,Moonrise,Ended,2025-04-10,0,"After rebel forces attack Earth, a carefree heir becomes the prime suspect and joins a special military unit to find the true mastermind on the Moon.",7.8,5,"Animation, Action & Adventure, Sci-Fi & Fantasy","moon, space war, army, rebellion, young man, moon colony, space prison, anime, not too distant future",ムーンライズ,/mqok8du6LvnaigAJo5omAq1BPye.jpg,/n04uGTRs8bB7PTHj48o7y3YSGKx.jpg,23.0719,ja,TV,18,1,https://www.netflix.com/title/81251383,"Chiaki Kobayashi, Yuto Uemura, Kosuke Takaguchi",,Official Trailer [Subtitled]
100281,Moriarty the Patriot,Ended,2020-10-11,24,"In the late 19th century, the British Empire nobility reigns while its working class suffers at their hands. Sympathetic to their plight, William James Moriarty wants to topple it all. Frustrated by the systemic inequity, Moriarty strategizes to fix the entire nation. Not even consulting detective Sherlock Holmes can stand in his way. Its time for crime to revolutionize the world!",8.4,209,"Animation, Mystery","detective, anti hero, revenge, mafia, tragedy, bromance, based on manga, historical, aristocracy, anime, victorian era, psychological, suspense, ships, foreign",憂国のモリアーティ,/lLcmshfrLg7JUMwMCnp5fuNqtoQ.jpg,/en2X3XWGiUwZFe9pH9r06Si3Nbh.jpg,11.6331,ja,TV,24,1,https://moriarty-anime.com/,"Soma Saito, Takuya Sato, Chiaki Kobayashi",,Official Trailer [Subtitled]
42830,Moribito Guardian of the Spirit,Ended,2007-04-07,25,"Balsa the spearwoman is a wandering warrior, who takes on the task of saving lives, in atonement for a past sin. On her journey, she happens to save a prince, and is tasked with becoming his bodyguard. And he is going to need one, for his own father, the emperor, wants him dead. Throughout the story, Balsa's past will come to light and they will uncover mysteries about Chagum's condition while developing a family-like relationship with each other and others.",7.8,57,"Animation, Action & Adventure, Sci-Fi & Fantasy, Drama","anime, adventure",精霊の守り人,/1AfvVo4mtAfmn7kjdpk3rlFgdm7.jpg,/ahSGkcH1QmrxmNJxY9nAOzIjjfA.jpg,3.6352,ja,TV,26,1,http://www6.nhk.or.jp/anime/program/detail.html?i=moribito,"Mabuki Ando, Naoto Adachi, Koji Tsujitani","Shoutarou Suga, Kenji Kamiyama",Official Extended Trailer
222784,Mr Villains Day Off,Ended,2024-01-08,24,"As a member of a malevolent organization, the General is tasked with invading Earth and wiping out humanity. Even an extraterrestrial being like him, however, needs a chance to rest. Not even the Rangers—a team solely dedicated to defeating the General and his colleagues—will stand in the way of him visiting pandas at the zoo, buying ice cream at the convenience store, and enjoying his well-deserved day off from committing evil deeds.",6.688,16,"Animation, Comedy","based on manga, anime, iyashikei",休日のわるものさん,/qilXdGCROmS07J0rnqYYusPa0KY.jpg,/dieAKtr4AuTaANZ9B54dt38RKyi.jpg,2.1991,ja,TV,12,1,https://www.vap.co.jp/warumonosan-anime/,"Shintaro Asanuma, Soma Saito, Yuichi Nakamura",,Official Trailer [Subtitled]
94664,Mushoku Tensei Jobless Reincarnation,Returning Series,2021-01-11,24,"A 34-year-old hikikomori is kicked out of his home by his family after the death of his parents. After his eviction, he saves a group of teenagers from being killed by a speeding truck, but loses his life in the process. When he comes to, he realizes he has been reborn as Rudeus Greyrat, in a world of swords and sorcery.",8.542,1259,"Action & Adventure, Animation, Sci-Fi & Fantasy","magic, teleportation, reincarnation, polygamy, harem, romance, displacement, second chance, fantasy world, seinen, ecchi, anime, search for mother, neet, life challenges, other world, sword and sorcery, isekai, otaku, erotic, fantasy, based on web novel, based on light novel, teleport, adventure, reincarnated in another world",無職転生 ～異世界行ったら本気だす～,/gLKOYIMyKlUHW0SVdskhgf9C0yy.jpg,/j9fRIimor0AMFJR9kjZubXcABzZ.jpg,38.7627,ja,TV,47,3,https://mushokutensei.jp,"Yumi Uchiyama, Tomokazu Sugita, Konomi Kohara",,Official Trailer
229609,My Daughter Left the Nest and Returned an S Rank Adventurer,Ended,2023-10-06,24,"The young adventurer Belgrieve retires to a quieter life after losing his leg to a beast. While gathering herbs in the woods one day, he rescues an abandoned child. Angeline trains with her father and later achieves S-Rank in the capitals adventurer guild. Five years later, she decides to return home. Will Belgrieve get another chance at being an adventurer? Will Angeline return home unscathed?",6.6,19,"Animation, Comedy, Action & Adventure, Sci-Fi & Fantasy","fantasy world, adventurer, anime, based on light novel",冒険者になりたいと都に出て行った娘がSランクになってた,/21RbBglma8tFhKBLX2UxfZ4DT8X.jpg,/r65DFW2YePjqKjsjVRVkTNokqs1.jpg,3.094,ja,TV,13,1,https://s-rank-musume.com,"Saori Hayami, Junichi Suwabe, Maki Kawase",,Official Trailer [Subtitled]
248866,My Deer Friend Nokotan,Ended,2024-07-07,24,"Koshi Torako has everyone fooled. Her classmates see her as the perfect honor student, unaware of her secret delinquent past. But her new picturesque school life is thrown into chaos when she bumps into Shikanoko Noko, a girl with antlers! Mayhem seems to follow this strange doe-eyed girl. Who, or what, is she?",8.085,59,"Animation, Comedy","high school, deer, slapstick comedy, school, based on manga, shounen, anime, absurdist, school club, comedy",しかのこのこのここしたんたん,/dTNjwQLaclazxqx21voA50185Ri.jpg,/wd9FCguhc8MQDUZG7Pz2klzGBOL.jpg,4.9828,ja,TV,12,1,https://www.anime-shikanoko.jp/,"Megumi Han, Saki Fujita, Rui Tanabe",,Official Trailer 2 [EN SUB]
123249,My Dress Up Darling,Returning Series,2022-01-09,24,"Wakana Gojo is a high school boy who wants to become a kashirashi--a master craftsman who makes traditional Japanese Hina dolls. Though he's gung-ho about the craft, he knows nothing about the latest trends, and has a hard time fitting in with his class. The popular kids--especially one girl, Marin Kitagawa--seem like they live in a completely different world. That all changes one day, when she shares an unexpected secret with him, and their completely different worlds collide.",8.488,736,"Animation, Comedy, Drama","adolescence, high school, romance, slice of life, based on manga, cosplay, seinen, ecchi, anime, otaku, erotic, romantic",その着せ替え人形は恋をする,/A6mxBwvvv63JXZm3xXKv4SugE0L.jpg,/gWPK2RIVJ6i3myf7Xdw8DqlznT8.jpg,9.3751,ja,TV,13,2,https://bisquedoll-anime.com,"Hina Suguta, Shoya Ishige, Atsumi Tanezaki",,Official Trailer
280110,My Hero Academia,Returning Series,2025-04-07,24,"Koichi Haimawari is a dull college student who aspires to be a hero but has given up on his dream. Although 80% of the worlds population has superhuman powers called Quirks, few are chosen to become heroes and protect people. Everything changes for Koichi when he and Pop☆Step are saved by the vigilante Knuckleduster and get recruited to become vigilantes themselves!",7.375,4,"Animation, Action & Adventure, Drama, Sci-Fi & Fantasy, Crime","hero, vigilante, based on manga, spin off, super power, shounen, anime",ヴィジランテ -僕のヒーローアカデミア ILLEGALS-,/iv0cXt6uJGlTryWZNQMGyum4Pme.jpg,/dfmwYLPYG0KGKP9vrWgRskB35KW.jpg,18.5406,ja,TV,13,1,https://vigilante-anime.com,"Shuichiro Umeda, Ikumi Hasegawa, Yasuhiro Mamiya",,Official Trailer 2 [Subtitled]
250596,My Wife Has No Emotion,Ended,2024-07-02,24,"Takuma isnt the most exciting guy. Hes awkward, single, and does nothing but go to work and come home. Tired of doing chores, he decides to buy a housekeeping robot named Mina. She can cook and clean perfectly, and the two get to know each other better over time. Soon, Takuma starts to fall for Mina! But could a robot ever love him back?",6.9,8,"Animation, Sci-Fi & Fantasy, Drama, Comedy","android, based on manga, robot, anime, human android relationship",僕の妻は感情がない,/ttaknfJP0qjg7kMKwH0w29fcE6d.jpg,/cQGq1oRSORK1xHnAvli4qXOBOTJ.jpg,3.1825,ja,TV,12,1,https://bokutsuma-anime.com,"Toshiyuki Toyonaga, Konomi Inagaki, Yoshino Aoyama",,Official Trailer [Subtitled]
69500,Natsumes Book of Friends,Ended,2008-07-08,24,"Natsume Takashi has the ability to see spirits, which he has long kept secret. However, once he inherits a strange book that belonged to his deceased grandmother, Reiko, he discovers the reason why spirits surround him.",8.1,84,"Animation, Comedy, Mystery","human animal relationship, exorcism, friendship, supernatural, afterlife, high school, slice of life, curse, orphan, based on manga, spirit, demon, high school student, exorcist, folklore, school life, heart warming, youkai, shoujo, japanese mythology, shinto, anime, japanese high school, iyashikei",夏目友人帳,/c4B2NFHFH0N8W7ovMsxiGIj7Fgp.jpg,/xHjRfQIRlxug491JrKiEYl9vHM1.jpg,13.248,ja,TV,86,7,http://www.natsume-anime.jp,"Hiroshi Kamiya, Kazuhiko Inoue, Eiji Itoh",,Natsumes Book of Friends Season 7 | OFFICIAL TRAILER
158373,NieR Automata Ver1 1a,Ended,2023-01-08,24,"The distant future, 5012.The sudden aerial invasion of Earth by Aliens and their creations Machine Lifeforms led mankind to the brink of extinction. The surviving number of humans who took refuge on the moon to organize a counterattack using android soldiers to recapture Earth.However, the war reaches a stalemate as the Machine Lifeforms continue to multiply infinitely. In turn, humanity deploys anew unit of android soldiers as an ultimate weapon: YoRHaNewly dispatched to Earth ...",8.05,129,"Animation, Action & Adventure, Sci-Fi & Fantasy","android, future, invasion, dystopia, alien, robot, based on video game, military, anime, war",NieR:Automata Ver1.1a,/qHSCYOXHV3EKXKkMxUvC9rGx4Av.jpg,/bGRKHQsmLUz2hQB8W3nYnCIc9Y0.jpg,14.6451,ja,TV,24,1,https://nierautomata-anime.com,"Yui Ishikawa, Natsuki Hanae, Ayaka Suwa",,Promotion File 008 [Subtitled]
202284,Ninja Kamui,Ended,2024-02-11,24,"A team of assassins exacts a bloody retribution on Joe Logan  a former ninja who escaped his clan  and his family for betraying their ancient code. Rising from his seeming ""death,"" Joe will re-emerge as his former self  Ninja Kamui  to avenge his family and friends and bring down the very clan that made him.",8.328,294,"Animation, Action & Adventure","ninja, miniseries, anime, serious, intense",Ninja Kamui,/A7mYSloFonDcQtHTqyLqEg9rIkh.jpg,/3nmDXGCDcHbtP3Rw4vi9RD3cmmX.jpg,17.2419,en,TV,13,1,https://www.adultswim.com/videos/ninja-kamui,"Kenjiro Tsuda, Atsushi Ono",,Official Trailer
205743,No Longer Allowed in Another World,Ended,2024-07-09,0,"Pulled into an otherworldly adventure with cute sidekicks and superpowers, youd think Osamu hit the jackpot. Nope! From a time before pixels, the early 20th-century gloomy author just wants to find a quiet place to meet his maker, not to rack up XP. Sadly, his poetic demise is constantly thwarted by inconvenient heroics. Dive into the hilariously tragic life of the most reluctant hero!",7.769,26,"Animation, Comedy, Drama, Sci-Fi & Fantasy","suicide, reincarnation, supernatural, romance, slice of life, based on manga, historical, seinen, anime, isekai",異世界失格,/bO39Vo712EVr7nxKi1X4xk4GxEm.jpg,/xOffg6d0o3XqdaZkhQApBhm1lEH.jpg,3.8842,ja,TV,12,1,https://isekaishikkaku.com,"Hiroshi Kamiya, Rumi Okubo, Sayumi Suzushiro",,Official Trailer [Subtitled]
45527,Nodame Cantabile,Ended,2007-01-12,23,"Shinichi Chiaki is a first class musician whose dream is to play among the elites in Europe. Coming from a distinguished family, he is an infamous perfectionist; not only is he highly critical of himself, but of others as well. The only thing stopping Chiaki from leaving for Europe is his fear of flying. As a result, he's grounded in Japan.During his 4th year at Japan's top music university, Chiaki happens to meet Noda Megumi—or as she refers to herself, Nodame. On the surface, she seems to be...",8.1,34,"Animation, Drama, Comedy","paris, france, europe, musician, classical music, slapstick comedy, romcom, romance, slice of life, coming of age, based on manga, university, school life, orchestra conductor, anime, prodigy, josei, music",のだめカンタービレ,/cInelIGreu0mrUnA6F0YN2bRQEc.jpg,/heO0fDQB2EgHKTUvErj74ohM6Fz.jpg,11.4877,ja,TV,45,3,,"Tomokazu Seki, Ayako Kawasumi, Sayaka Ohara",,Nodame Cantabile Trailer
288817,One Piece Log Fish Man Island Saga,Ended,2024-11-03,24,One Piece: Fish-Man Island Saga is a retouched and condensed version of the One Piece anime adaptation of the Fish-Man Island Saga.,0.0,0,"Animation, Action & Adventure","conspiracy, pirate, class conflict, fishman, one piece, shonen, shōnen",ONE PIECE 魚人島編,/daJe7gK7NnaFgoCczd04YpQwg6U.jpg,/fcZgMdgWi42DIbEZXNRLKEpDthF.jpg,4.6774,ja,TV,21,1,,"Mayumi Tanaka, Kazuya Nakai, Akemi Okamura",Momoka Toyoda,
63926,One Punch Man,Returning Series,2015-10-05,24,"Saitama is a hero who only became a hero for fun. After three years of “special” training, though, he's become so strong that he's practically invincible. In fact, he's too strong — even his mightiest opponents are taken out with a single punch, and it turns out that being devastatingly powerful is actually kind of a bore. With his passion for being a hero lost along with his hair, yet still faced with new enemies every day, how much longer can he keep it going?",8.4,3699,"Animation, Comedy, Action & Adventure","cyborg, martial arts, monster, karate, supernatural, superhero, based on comic, parody, social commentary, alien invasion, fighting, super power, zero to hero, seinen, anime, ganges, based on webcomic or webtoon, joyous, witty, amused, joyful, optimistic, sympathetic",ワンパンマン,/jbYJuxfZMpYDalkiOnBcCv9TaL.jpg,/s0w8JbuNNxL1YgaHeDWih12C3jG.jpg,25.4771,ja,TV,24,3,https://onepunchman-anime.net/,"Makoto Furukawa, Kaito Ishikawa, Hiroki Yasumoto",,Opening | THE HERO!! Set Fire to the Furious Fist - JAM Project [CC]
210945,Onimusha,Ended,2023-11-02,0,"With a demonic, soul-consuming weapon in hand, can a legendary swordsman and a samurai brotherhood defeat a bloodthirsty zombie uprising?",7.706,68,"Animation, Action & Adventure, Sci-Fi & Fantasy","based on video game, zombie apocalypse, anime, original net animation (ona)",鬼武者,/lfRmDHegR8OpU3859lBz9YHgD79.jpg,/7HNkjJlC3Vk6hQ4zMAJC2CcGqMO.jpg,2.3097,ja,TV,8,1,https://www.netflix.com/title/81153116,"Akio Otsuka, Hochu Otsuka, Daiki Yamashita",,Exclusive Clip [Subtitled]
223121,Ooku The Inner Chambers,Ended,2023-06-29,0,"In an alternate history where the male population is nearly decimated, eligible men serve as concubines to the woman shogun inside the walls of the Ooku.",7.6,42,"Animation, Drama, Sci-Fi & Fantasy","romance, alternate history, based on manga, plague, edo period, shoujo, anime, male harem",大奥,/elhdgeFlJ4jvUGzaVEMweGY9vFS.jpg,/1fCFFQyUl29WiVVPW1IUw5QLMxu.jpg,2.4999,ja,TV,10,1,https://www.netflix.com/title/81464005,"Mamoru Miyano, Eriko Matsui, Yuki Kaji",,Mamoru Miyano and Eriko Matsui Go Behind the Scenes [Subtitled]
204635,Orb On the Movements of the Earth,Ended,2024-10-05,25,"After learning heretical teachings about the Earth and the Sun, a child prodigy searches for his master's hidden research while evading the Inquisition.",8.0,28,"Animation, Drama","religion, based on manga, historical, seinen, renaissance, anime, introspective, psychological, science",チ。―地球の運動について―,/crV1eBtpI5F4nlMwzrBrh4zZuFV.jpg,/o5GDX8zmKLpOxRkBoAonoQL8gbg.jpg,7.0101,ja,TV,25,1,https://anime-chi.jp/,,,
203737,Oshi No Ko,Returning Series,2023-04-12,0,"Dr. Goro is reborn as the son of the young starlet Ai Hoshino after her delusional stalker murders him. Now, he wants to help his new mother rise to the top, but what can a child do about the dark underbelly of the entertainment industry?",8.349,258,"Animation, Drama","trauma, reincarnation, supernatural, based on comic, revenge, based on manga, showbiz, seinen, mysterious, acting, celebrity worship, anime, idol group, music, idol",【推しの子】,/okbW9NdKRNKgIUTVA8YZAUGwIUx.jpg,/gArCVC4ML529WMCEqOXbALdQbUq.jpg,18.7902,ja,TV,24,1,https://ichigoproduction.com/,"Takeo Otsuka, Yurie Igoma, Megumi Han",,Trailer 2 [Subtitled]
101972,Our Last Crusade or the Rise of a New World,Returning Series,2020-10-04,24,"For years, a great war has raged on between the scientifically advanced Empire and a paradise of witches known as the Nebulis Sovereignty. This age-old battle sets the scene for a fateful encounter between two young combatants: an imperial swordsman, Iska, and the witch princess, Aliceliese. As sworn enemies, they vow to cut each other down in order to unite their worlds, and yet Iska finds himself entranced by her beauty and righteousness, while Aliceliese is moved by his strength and resolve. ...",8.255,231,"Animation, Action & Adventure, Sci-Fi & Fantasy, War & Politics","witch, magic, romance, military, fantasy world, anime, based on light novel",キミと僕の最後の戦場、あるいは世界が始まる聖戦,/1VtaTXsHTRfh8m49OVJfMb4JVuh.jpg,/gjUkdl62eBtxAl4L4Xurm5UBZ0x.jpg,7.7813,ja,TV,24,2,https://kimisentv.com,"Yusuke Kobayashi, Sora Amamiya, Kaori Ishihara",,Star-crossed lovers Iska and Alice must choose between loyalty and passion in this Limited Edition!
64196,Overlord,Ended,2015-07-07,24,"In the year 2138, virtual reality gaming is booming. Yggdrasil, a popular online game is quietly shut down one day. However, one player named Momonga decides to not log out. Momonga is then transformed into the image of a skeleton as ""the most powerful wizard."" The world continues to change, with non-player characters (NPCs) beginning to feel emotion. Having no parents, friends, or place in society, this ordinary young man Momonga then strives to take over the new world the game has become.",8.5,984,"Animation, Sci-Fi & Fantasy, Action & Adventure","magic, virtual reality, supernatural, game, online gaming, anime, munchkins, based on light novel",オーバーロード,/aSjpVCanDAwCopdjIgWwrxOWnWf.jpg,/q5WJxYTXNNJdEHxFCqd3S8pO4VA.jpg,23.9932,ja,TV,52,4,http://overlord-anime.com,"Satoshi Hino, Yumi Hara, Sumire Uesaka",,Opening | Clattanoia - OxT [Subtitled]
77701,PERSONA5 the Animation,Ended,2018-04-08,24,"Ren Amamiya is about to enter his second year after transferring to Shujin Academy in Tokyo. Following a particular incident, his Persona awakens, and together with his friends, they form the “Phantom Thieves of Hearts” to reform hearts of corrupt adults by stealing the source of their distorted desires. Meanwhile, bizarre and inexplicable crimes have been popping up one after another… Living an ordinary high school life in Tokyo during the day, the group maneuvers the metropolitan city as Phant...",7.7,87,"Animation, Action & Adventure, Comedy, Drama, Sci-Fi & Fantasy, Crime","supernatural, vigilante, thief, tokyo, japan, super power, based on video game, masked vigilante, talking cat, anime, japanese high school, phantom thief",PERSONA5 the Animation,/xnXLS9SPVK6jg0YNTJDGia7w1t5.jpg,/2nQJ07Fe53JKqzvebE9PpPDgkIi.jpg,8.0611,ja,TV,26,1,https://p5a.jp/,"Jun Fukuyama, Ikue Otani, Mamoru Miyano",,PERSONA5 the Animation English Dub Trailer
91997,PLUTO,Ended,2023-10-26,0,"When the world's seven most advanced robots and their human allies are murdered one by one, Inspector Gesicht soon discovers that he's also in danger.",7.896,188,"Animation, Sci-Fi & Fantasy, Mystery, Crime","artificial intelligence (a.i.), android, futuristic, mecha, based on manga, robot, seinen, murder mystery, anime, reinterpretation, psychological, astro boy, original net animation (ona), complicated",PLUTO,/agf5sETjlO35s3EDA7wwGliZ5UW.jpg,/oz3LT9glLNWpSQACnWlIYoSZA5M.jpg,7.4081,ja,TV,8,1,https://pluto-anime.com,Shinshu Fuji,,Shoutout From Toshihiko Seki [Subtitled]
203045,Paradox Live THE ANIMATION,Ended,2023-10-03,24,"Saturated in hip hop culture comes the birth of a new movement known as ""Phantom Live."" Each of the artists have a metal accessory known as ""Phantom Metal"" which chemically reacts to the wearer's emotions to produce an image, setting a magnificent stage for enthusiastic youths. With legendary club ""CLUB paradox"" hosting the mysterious Paradox Live, four teams: BAE, The Cat's Whiskers, cozmez and Akanyatsura each receive an invitation to participate, each with their own genre of music in a race t...",4.7,6,"Animation, Drama","anime, near future, battle rap, music",Paradox Live THE ANIMATION,/tlPG08mmtFPb6K0PpymddXvuzzt.jpg,/7o116hjdaWQzEaRT4SfH4F6nohN.jpg,4.9538,ja,TV,12,1,https://paradoxlive.jp/animation,"Gakuto Kajiwara, Ryota Takeuchi, Yusuke Kobayashi",,Official Trailer [Subtitled]
46388,Persona4 the ANIMATION,Ended,2011-10-07,25,"Persona4 the ANIMATION is a television anime series produced by AIC ASTA and directed by Seiji Kishi, based on the Persona 4 video game by Atlus. The story revolves around the protagonist, Yu Narukami, who acquires a mysterious power called ""Persona"" and embarks on a journey with his new friends to uncover the truth behind a bizarre series of murders involving a distorted TV World. The series aired in Japan between October 2011 and March 2012, with a compilation film released in June 2012 and an...",7.7,34,"Animation, Sci-Fi & Fantasy, Action & Adventure, Mystery, Crime","detective, small town, supernatural, school, battle, super power, based on video game, murder mystery, anime, japanese high school",Persona4 the ANIMATION,/kg0dC0WcV5OWyViLfZueO9LnLPt.jpg,/d9hSHnUK7L9d4fExDG3EXn6JL8J.jpg,8.4827,ja,TV,25,1,http://www.p4a.jp/,"Daisuke Namikawa, Showtaro Morikubo, Yui Horie",,Opening 1 | sky's the limit - Shihoko Hirata [Subtitled]
22254,Phantom Requiem for the Phantom,Ended,2009-04-02,24,"Mafia is rife in America where assassinations are a regular occurrence on the streets. Inferno, a mysterious company, is behind most of these dealings through the use of their near-invincible human weapon, ""Phantom.""One day, a Japanese tourist accidentally witnesses Phantom's latest murder. Desperate to escape, the tourist hides in a secluded building. However, Phantom, revealed to be a young woman named Ein, and the leader of Inferno ""Scythe Master"" captures the tourist and brainwashes him....",7.2,31,"Animation, Action & Adventure","anime, suspense",ファントム レクイエム・フォー・ザ・ファントム,/tkA2spPJbtaDvx2qz0rQC5af5HR.jpg,/1nsuwlNHIWV8xKpGigOxKoG2Jp9.jpg,6.4144,ja,TV,26,1,http://www.phantom-r.jp/,"Miyu Irino, Ayahi Takagaki, Miyuki Sawashiro",,
80652,Pokemon,Ended,2015-10-04,30,Japanese variety show about everything Pokémon.,8.0,2,"Comedy, Family",variety show,ポケモンの家あつまる？,/7bXFubYGZI6TVRofCdyiZcNdBgJ.jpg,/hOhEURIRevlcintg1E6Ofv0G4hg.jpg,48.6925,ja,TV,332,1,http://www.tv-tokyo.co.jp/anime/pokenchi/,"Abareru-kun, Shoko Nakagawa, Rinka Otani",,
261298,Possibly the Greatest Alchemist of All Time,Ended,2025-01-08,24,"Iruma Takumi finds himself caught up in a hero summoning, even though hes not a hero. Summoned by mistake to Mildgard, a fantasy world of swords and magic, Takumi is given a chance to start over. Though he dreams of a peaceful life, the goddess Nolyn grants him “alchemy,” an ultra-powerful skill that allows him to create anything from holy swords to flying ships. His reluctant adventure begins!",7.6,17,"Animation, Sci-Fi & Fantasy, Action & Adventure","magic, slice of life, alchemy, anime, isekai, person in a strange world, based on light novel, overpowered protagonist",いずれ最強の錬金術師？,/4TyTS9O7ECH3mXpazQ6GpJXCqNm.jpg,/qDQt2pdwyWEWWWTBVBDo2UhYODc.jpg,26.3283,ja,TV,12,1,https://izuresaikyo-pr.com,"Shogo Sakata, Ai Kayano, Nao Toyama",,
224753,Pseudo Harem,Ended,2024-07-05,24,"Eiji Kitahama joins the drama club with dreams of having a harem like the ones from his favorite manga. Rin Nanakura, an underclassman, finds herself crushing hard on Eiji, and tries on different personas in his presence to win him over. No matter how she acts, one thing is certain—her feelings for Eiji continue to grow stronger. Will she ever be able to tell him the truth and be herself?",8.16,25,"Animation, Comedy","high school, romcom, romance, slice of life, based on manga, shounen, acting, anime, japanese high school, comedy, romantic",疑似ハーレム,/2qk71WwLTwKUjORZTdlMWpkLngp.jpg,/O73v49LoRycd7wv3Eme7heciZv.jpg,4.5474,ja,TV,12,1,https://gijiharem.com,"Nobuhiko Okamoto, Saori Hayami, Mai Narumi",,
43865,Psycho Pass,Ended,2012-10-12,28,"Psycho-Pass is set in a futuristic era in Japan where the Sibyl System, a powerful network of psychometric scanners, actively measures the biometrics of its citizens' minds. The resulting assessment is called a Psycho-Pass. When the calculated likelihood of an individual committing a crime, measured by the Crime Coefficient index, exceeds an accepted threshold, he or she is pursued, apprehended, and either arrested or decomposed by the field officers of the Crime Investigation Department of the ...",7.8,403,"Animation, Crime, Sci-Fi & Fantasy, Action & Adventure","japan, detective, future, dystopia, police, gore, cyberpunk, gunfight, torture, terrorism, criminal, xenophobia, angst, zero to hero, seinen, anime, psychological, suspense",PSYCHO-PASS サイコパス,/xHFMsGXdjXJDXMQvHhh7owu7TGr.jpg,/2HtnTJLs3CDUTu6ug8rib5vNnU2.jpg,16.2052,ja,TV,41,3,https://psycho-pass.com,"Yuki Kaji, Kana Hanazawa, Yuichi Nakamura",,https://www.youtube.com/watch?v=kwmXh1IzV3g
222925,Quality Assurance in Another World,Ended,2024-07-06,0,"When a dragon attacks a peaceful village, its not the beast that perplexes resident Nikola, but the man who comes to their aid. Haga, member of a secret royal team of investigators, intrigues her with his eccentric ways. It may be due to the fact hes a real-life QA debugger and this world is a VR game! With Haga by her side, Nikolas inspired to venture out and learn her worlds true nature.",6.9,8,"Animation, Sci-Fi & Fantasy, Comedy","based on manga, anime",この世界は不完全すぎる,/toNVPhr8BpCbJ4LUGdiOGJpcy80.jpg,/hrX0xZNEN4E9klCSDYS5xpZRuFm.jpg,1.6333,ja,TV,13,1,https://konofuka.com/,"Kaito Ishikawa, Hinaki Yano",,Official Trailer 2 [Subtitled]
74237,Rakshasa Street,Ended,2017-08-02,30,"Xia Ling is a recent college graduate who is still trying to find a job. When she gets a text message for a job interview at a company located on Rakshasa Street, she runs out first before stopping to think about how strange it is to have a job interview so late at night. But before she knows it, she has crossed over a transitional dimension, the realm between the human world and hell.The guardian generals of Rakshasa Street are brothers Cao Yan Bing and Cao Xuan Liang, who come from a family ...",8.2,5,"Sci-Fi & Fantasy, Drama, Action & Adventure",,镇魂街,/lNdoWTBRQXsl2aIt55PjVOVXXBI.jpg,/wyZkIDSKbFOe5V538uuR7SMzbI9.jpg,3.9647,zh,TV,48,2,,"Hou Minghao, An Yuexi, Jiro Wang",,
259140,Ranma1 2,Returning Series,2024-10-06,23,"Akane Tendo meets her new fiancé, Ranma Saotome, a martial arts prodigy with a twist: he magically transforms into a girl upon touching cold water.",8.36,107,"Animation, Action & Adventure, Comedy, Sci-Fi & Fantasy","arranged marriage, harem, remake, based on comic, romcom, mixed martial arts (mma), curse, shounen, anime, absurdist, gender swap, love polygon, turned into animal",らんま1/2,/zQhwc27CWHM4zx9lJU9bI5FRQOm.jpg,/xMgzRUA1RjxLQn05oJ8IFbf06AO.jpg,7.1011,ja,TV,12,1,https://ranma-pr.com,"Kappei Yamaguchi, Megumi Hayashibara, Noriko Hidaka",,Official Trailer #2 [Subtitled]
82739,Rascal Does Not Dream of Bunny Girl Senpai,Returning Series,2018-10-04,24,"Puberty Syndrome—a rumored, mysterious syndrome that only affects those in their puberty. For example, a bunny girl suddenly appeared in front of Sakuta Azusagawa. The bunny girl's real identity is Mai Sakurajima, a teenage celebrity who is currently an inactive high school senior. For some reason, her charming figure does not reflect in the eyes of others. In the course of revealing the mystery behind this phenomenon, Sakuta begins to explore his feelings towards Mai. Set in a city where the sk...",8.556,1234,"Animation, Comedy, Mystery, Drama","supernatural, romance, school, anime, japanese high school, based on light novel, bewildered",青春ブタ野郎はバニーガール先輩の夢を見ない,/r0td1J4kALobMwjPKLGe7RwJ07o.jpg,/ffvaWDSYLcIQRCLFLG1a3lC0xPX.jpg,11.4066,ja,TV,13,2,https://ao-buta.com/tv/,"Kaito Ishikawa, Asami Seto, Nao Toyama",,Trailer 1 [Subtitled]
65942,Re ZERO Starting Life in Another World,Returning Series,2016-04-04,25,"Natsuki Subaru, an ordinary high school  student, is on his way home from the convenience store when he finds  himself transported to another world. As he's lost and confused in a new  world where he doesn't even know left from right, the only person to  reach out to him was a beautiful girl with silver hair. Determined to  repay her somehow for saving him from his own despair, Subaru agrees to  help the girl find something she's looking for.",7.8,500,"Animation, Comedy, Action & Adventure, Sci-Fi & Fantasy","magic, trauma, time travel, reincarnation, supernatural, gore, tragedy, time loop, fate, parallel world, death, mutilation, medieval, angst, loop, anime, bishoujo, butterfly effect, isekai, parallel universe, based on light novel",Re:ゼロから始める異世界生活,/aRwmcX36r1ZpR5Xq5mmFcpUDQ8J.jpg,/ai8bVS8Suvu4ErBhmgBvtESirBY.jpg,41.3432,ja,TV,66,1,http://re-zero-anime.jp/,"Yusuke Kobayashi, Rie Takahashi, Yumi Uchiyama",,Re:ZERO Season 1 - Blu-ray Limited Ed. Collection
66941,ReLIFE,Ended,2016-07-02,24,"Arata Kaizaki (27) quit the job he landed after graduation in only three months. His life did not go well after that. Now his parents are threatening to stop sending money, and want him to come back to the country. He has no friend or girlfriend to share his troubles with...as he hits rock bottom a strange man named Ryou Yoake appears. He invites Arata to join a societal rehabilitation program for NEETs called ReLife. This program uses a mysterious drug to make him look younger, and sends him ba...",7.548,168,"Animation, Comedy","secret organization, friendship, high school, bullying, romance, slice of life, tragedy, coming of age, based on manga, school life, angst, anime, drastic change of life, japanese high school",ReLIFE,/aRK64bB8hMsuZZnitebPyKqOR5d.jpg,/oxLu3qleFPp7T1U17adAQADJt7Q.jpg,7.8353,ja,TV,13,1,http://relife-anime.com,"Kensho Ono, Ai Kayano, Ryohei Kimura",,Opening | Button - PENGUIN RESEARCH
114868,Record of Ragnarok,Returning Series,2021-06-17,0,"Before eradicating humankind from the world, the gods give them one last chance to prove themselves worthy of survival. Let the Ragnarok battles begin.",8.461,1700,"Action & Adventure, Animation, Sci-Fi & Fantasy","fight, mythology, god, survival, tournament, historical fiction, based on manga, combat, super power, seinen, anime, valkyrie, original net animation (ona)",終末のワルキューレ,/kTs2WNZOukpWdNhoRlH94pSJ3xf.jpg,/iq5L971DFW1SwLJdvl7OpPI1QeZ.jpg,13.1363,ja,TV,27,3,https://ragnarok-official.com,"Miyuki Sawashiro, Tomoyo Kurosawa, Wataru Takagi",,Official Trailer 2 [Subtitled]
99071,Redo of Healer,Ended,2021-01-13,24,"In a world of monsters, adventurers and magic, some of the most gifted healers are subjugated to brute force. Keyaru gains the ability to rewind time and turns the tables on those whove exploited him in this dark fantasy tale of vengeance and fury.",8.4,966,"Animation, Action & Adventure, Sci-Fi & Fantasy, Drama, Crime","rape, orgy, magic, harem, rape of a male, revenge, romance, gore, politically incorrect, pervertion, erased memory, mutilation, fantasy world, dark fantasy, seinen, ecchi, anime, sex, based on light novel, adventure",回復術士のやり直し,/9T7TT0w92RbeRP5QSnNq81HHxde.jpg,/injrIOMNCQv4kTNX6hWa1QlyKoK.jpg,21.8434,ja,TV,12,1,http://kaiyari.com/,"Yuya Hozumi, Ayano Shibuya, Shizuka Ishigami",,Kaifuku Jutsushi no Yarinaoshi ( Redo of Healer ) Official Trailer [Eng Sub]
134667,Reincarnated as a Sword,Returning Series,2022-09-28,24,"Reincarnated as a sentient weapon with memories of his past life, but not his name, a magical sword saves a young beastgirl from a life of slavery. Fran, the cat-eared girl, becomes his wielder, and wants only to grow stronger, while the sword wants to know why he is here. Together, the strange duo's journey has only just begun!",7.595,58,"Animation, Comedy, Sci-Fi & Fantasy","based on novel or book, magic, reincarnation, combat, shounen, anime, isekai, based on light novel, adventure",転生したら剣でした,/yZ3VZVc7iyF7KtIjERBGEedVXqA.jpg,/fo5qwDAVqY7j2jmL350WKjk6kmi.jpg,9.1959,ja,TV,13,2,https://tenken-anime.com,"Shin-ichiro Miki, Ai Kakuma, Ami Koshimizu",,Trailer [Subtitled]
1042,Revolutionary Girl Utena,Ended,1997-04-02,24,Utena is a tomboyish school girl who attends the prestigious Ohtori Academy. Her strong sense of chivalry pulls her into a series of duels with other members of the Student Council for the possession of the Rose Bride.,8.6,55,"Animation, Drama, Mystery, Sci-Fi & Fantasy","sibling relationship, sexual identity, adolescence, swordplay, symbolism, role reversal, surrealism, role playing, metaphysics, coming of age, cross dressing, orphan, incest, gender roles, teenage sexuality, lgbt, female hero, dual role, cross dresser, sword duel, shoujo, shoujo-ai, anime, gender identity, yuri, psychological, girls love, magical girl",少女革命ウテナ,/riqymWBPqKmWpIvS3lVDYjZhwQ5.jpg,/802aSsZzIyOhbaL1bt19gp0RVYq.jpg,6.9025,ja,TV,39,1,http://utena20th-event.com,"Tomoko Kawakami, Yuriko Fuchizaki, Takehito Koyasu",,Blu-Ray Teaser Trailer
202282,Rick and Morty The Anime,Returning Series,2024-08-16,0,"It's life mostly as usual for the Smith family. Rick is in a pseudo-world, Summer helps Space Beth and Morty's in love. And they're all an anime.",5.44,50,"Animation, Sci-Fi & Fantasy, Action & Adventure","based on cartoon, spin off, questioning, aftercreditsstinger, anime, complicated, familiar",Rick and Morty: The Anime,/kQFPw9W3EO6ZLhg3TI782edq9Fr.jpg,/dhb5lfSpElYIaLLyJjeswn2dfnl.jpg,5.6019,en,TV,10,1,https://www.adultswim.com/videos/rick-and-morty-the-anime,"Yohei Tadano, Keisuke Chiba, Akiha Matsui",,Early Preview: Two Jerrys
208730,Romantic Killer,Ended,2022-10-27,27,"Living her best single life, romance is the last thing on Anzu's mind — until a tiny match-making wizard suddenly turns her life into a clichéd romcom.",8.437,167,"Animation, Comedy","based on comic, romcom, romance, matchmaking, teenage girl, group of friends, wizard, anime, original net animation (ona)",ロマンティック・キラー,/ocCtP4MdXE0keyfmrt6X4JRbhmy.jpg,/vy4ogEDRNuwIzMa9Sz0JihnKlqV.jpg,4.8506,ja,TV,12,1,https://www.netflix.com/title/81318888,"Rie Takahashi, Mikako Komatsu, Yuuichirou Umehara",,Rie Takahashi (Anzu) Countdown [Subtitled]
210879,Rurouni Kenshin,Returning Series,2023-07-07,23,"Ten years have passed since the end of Bakumatsu, an era of war that saw the uprising of citizens against the Tokugawa shogunate. The revolutionaries wanted to create a time of peace, and a thriving country free from oppression. The new age of Meiji has come, but peace has not yet been achieved. Swords are banned but people are still murdered in the streets. Orphans of war veterans are left with nowhere to go, while the government seems content to just line their pockets with money.",8.4,113,"Animation, Action & Adventure","japan, assassin, samurai, exile, politics, remake, based on comic, vagabond, based on manga, historical, ronin, shinsengumi, shounen, anime, meiji period, wandering, bushi, bakumatsu, ishin shishi, kasei culture",るろうに剣心 －明治剣客浪漫譚－,/9qvWdco2AsLvl6xIwUEh0MbyG4E.jpg,/xV0Xro8G20SgxYfGrXun26k7eVp.jpg,17.5661,ja,TV,47,1,https://rurouni-kenshin.com,"Soma Saito, Rie Takahashi, Taku Yashiro",,English Dub Main Trailer
207332,SAKAMOTO DAYS,Returning Series,2025-01-11,0,"Once the greatest hitman of all, Taro Sakamoto retired in the name of love. But when his past catches up, he must fight to protect his beloved family.",8.119,155,"Animation, Comedy, Action & Adventure","assassin, fight, hitman, parody, psychic power, based on manga, family, shopkeeper, shounen, anime",SAKAMOTO DAYS,/wRpCqsJFyKNuh5FMegNPrhzp2NF.jpg,/blSthAPRbEOJBowdxppeQqNPRh9.jpg,35.6419,ja,TV,22,1,https://sakamotodays.jp,"Tomokazu Sugita, Nobunaga Shimazaki, Ayane Sakura",,Final Trailer
239478,SAND LAND THE SERIES,Ended,2024-03-20,24,"Sand Land is a mysterious world where demons and humans eke out an existence in a barren desert wasteland. In hopes of replenishing their water supply, Fiend Prince Beelzebub, a demon named Thief, and a human named Sheriff Rao team up and embark on a journey in search of the Legendary Spring.",8.1,54,"Animation, Action & Adventure, Sci-Fi & Fantasy, Comedy","martial arts, supernatural, steampunk, based on manga, shounen, anime, original net animation (ona)",SAND LAND: THE SERIES,/fxBu818TRNHjHkUwGQctH775Ro3.jpg,/tMt8J6w3z9H2CPboV5vf3eL9GN7.jpg,3.405,ja,TV,13,1,https://sandland.jp/theseries,"Mutsumi Tamura, Kazuhiro Yamaji, Cho",,Official Trailer [Subtitled]
243501,SHOSHIMIN How to Become Ordinary,Returning Series,2024-07-07,23,"Kobato decides to become an honest, humble citizen after enduring a bitter experience known as “wisdom work.” He forms a pact with Osanai, his classmate with the same goal, and they plan to enter high school leading quiet lives. But for some reason, inexplicable events and disasters keep happening around them. Will Kobato and Osanai ever manage to live ordinary, peaceful lives?",7.4,18,"Animation, Mystery","high school, slice of life, school, school life, anime, japanese high school, mysterious events, based on light novel",小市民シリーズ,/qYSvfn7OyVNB78ylL0m0Jw3oOrl.jpg,/9i8iQUIi5xAgmxULATmRD87XAq6.jpg,10.8542,ja,TV,14,1,https://shoshimin-anime.com,"Shuichiro Umeda, Hina Youmiya, Makoto Furukawa",,Official Trailer [Subtitled]
211709,SHY,Ended,2023-10-03,24,"On the brink of a third World War, superheroes appeared on Earth. Gifted with powers, their appearance brings peace to the world. The heroes each selected a country in which they would reside, serve, and protect its citizens. Shy is Japans hero, endowed with super strength. Her most daunting enemy yet? Crippling shyness. Join Shy and her super friends as she defends Earth and gains confidence!",6.4,23,"Animation, Action & Adventure, Sci-Fi & Fantasy","shyness, superhero, based on comic, paranormal, paranormal phenomena, paranormal investigation, self-doubt, superhero team, paranormal activity, masked superhero, shounen, anime, teen superhero, japanese girl hero, superhero teamup, special ability, paranormal events",SHY,/vskzblCarM8QXmWQfH4RwNOfiTk.jpg,/sA6L9bRLVpFEtralQY5UQmgsHOD.jpg,4.4316,ja,TV,24,1,https://shy-anime.com,"Shino Shimoji, Nao Toyama, Tomokazu Sugita",,Official Trailer [Subtitled]
120089,SPY x FAMILY,Returning Series,2022-04-09,24,"World peace is at stake and secret agent Twilight must undergo his most difficult mission yet—pretend to be a family man. Posing as a loving husband and father, he'll infiltrate an elite school to get close to a high-profile politician. He has the perfect cover, except his wife's a deadly assassin and neither knows each other's identity. But someone does: his adopted daughter, who's a telepath!",8.555,2006,"Animation, Comedy, Action & Adventure","spy, assassin, adoption, secret mission, secret organization, espionage, slice of life, mind reading, based on manga, family, shounen, anime",SPY×FAMILY,/gHZqglFWJTFwx6rnTq4vkPRnuxu.jpg,/lysUnU6V0VfcthDbviuVlIqgHOR.jpg,38.2239,ja,TV,38,3,https://spy-family.net/tvseries,"Takuya Eguchi, Atsumi Tanezaki, Saori Hayami",,Yor's Secret [English DUB]
1063,Samurai Champloo,Ended,2004-05-20,24,"Break-dancing but fierce warrior Mugen has to deal with the cold-blooded and conceited Jin, a samurai who believes he is above all. These sworn enemies are brought together by Fuu for a special task.",8.3,676,"Action & Adventure, Animation, Comedy, Drama","hip-hop, samurai, obsessive quest, shounen, anime, changing era, introspective, intense, adventure",サムライチャンプルー,/lYpHeSm7BcUxAbBx1ucuEH7oGAe.jpg,/aZRGh7ccNAdqQWhHypvlT9UuXjZ.jpg,7.3093,ja,TV,26,1,https://www.newgin.co.jp/pub/machine/champloo/,"Ayako Kawasumi, Kazuya Nakai, Ginpei Sato",,Samurai Champloo (Samurai chanpurû) (2004-2005) Trailer
31665,School Rumble,Ended,2004-10-05,24,"While there is a decided lack of rumble in School Rumble, theres more hilarious humdingers than any single dinger can hum… Look that one up! And while there is a truck full of pigs, a giraffe, flying saucers and crazy dream sequences, none of thats even close to what this shows about. (Though I would probably watch that show, too!)Heres what you need to know: Sophomore cutie Tenma is completely crushed on classmate Karasuma past the point of freakin out. Tough guy Harima, with his own del...",7.818,44,"Animation, Comedy","slice of life, school, based on manga, speculative, anime",スクールランブル,/uuldZxy7SRvSvOfRBZObKTMfmtP.jpg,/3VGz44Ce7i8E001DUzkvHpRHDV2.jpg,6.1059,ja,TV,52,2,https://www.tv-tokyo.co.jp/anime/school-rumble,"Ami Koshimizu, Hiroki Takahashi, Yui Horie",,School Rumble - Most Awesomest Collection 12/8 - Trailer
79141,Scissor Seven,Returning Series,2018-04-25,16,"Seeking to recover his memory, a scissor-wielding, hairdressing, bungling quasi-assassin stumbles into a struggle for power among feuding factions.",8.584,714,"Animation, Comedy, Action & Adventure, Sci-Fi & Fantasy","martial arts, fighting, wuxia, wonder, advanture, fantasy, passionate, donghua, comedy, qihuan",刺客伍六七,/rCxPTLTfcNhgD8F6VwKxfCAAbf8.jpg,/nPhrJRN1U95NJiOfwtGF2GlZP4a.jpg,20.4696,zh,TV,50,5,https://www.bilibili.com/bangumi/media/md6360,"Xiaofeng He, Duan Yixuan",,
113808,Seirei Gensouki Spirit Chronicles,Ended,2021-07-06,24,"His past life and current life are intersecting--a boy with memories of two lives faces his destiny! After his mother was killed at an early age, the orphaned Rio fought his hardest to survive in the slums. One day, he awakens to the memories of Haruto Amakwa, who died in an accident while dreaming of being reunited with his childhood friend, and Rio realizing he has reincarnated in a world of swords and sorcery.",8.3,217,"Animation, Drama, Action & Adventure, Sci-Fi & Fantasy","martial arts, based on novel or book, swordplay, magic, reincarnation, harem, romance, tragedy, transmigration, spirit, combat, fantasy world, anime, sword and sorcery, isekai, based on light novel, adventure, romantic, teen fantasy",精霊幻想記,/hGPvfuGJfWrH0i5bKJcR1xJI1cD.jpg,/dP5vSU1u7bSjUwZxxcqYGfgtIGa.jpg,18.7012,ja,TV,24,2,https://seireigensouki.com,"Yoshitsugu Matsuoka, Ayaka Suwa, Akane Fujita",,Seirei Gensouki: Spirit Chronicles | OFFICIAL TRAILER
239761,Senpai Is an Otokonoko,Ended,2024-07-05,23,"For Makoto Hanaoka, lifes about to get more complicated. Saki Aoi, a lively girl with loads of confidence, confesses her love for Makoto one day. When he fails to reciprocate, Saki declares she will be his first love! She shares her goal with a mutual friend, Ryuji Taiga, who also confesses his crush on Makoto. Stuck in a love triangle, Makoto must find a way to make it work and have fun.",8.083,12,"Animation, Drama, Comedy","romance, cross dressing, based on manga, school life, anime, japanese high school",先輩はおとこのこ,/dBfctTb5Anaz33sJr1TKihHaxTm.jpg,/wQcy20hJw1u1yw1zLN7Q1uWbpmu.jpg,2.4605,ja,TV,12,1,https://senpaiha-otokonoko.com/tv/,"Shuichiro Umeda, Akira Sekine, Yuma Uchida",,Official Trailer 3 [Subtitled]
1087,Serial Experiments Lain,Ended,1998-07-06,24,"Lain—driven by the abrupt suicide of a classmate—logs on to the Wired and promptly loses herself in a twisted mass of hallucinations, memories, and interconnected-psyches.",8.205,546,"Animation, Drama, Sci-Fi & Fantasy, Mystery","dementia, computer, internet, cyberpunk, cyberspace, angst, seinen, anime, virtual world, internete, psychological, suspense, internet connection, psychological horror, depressed, horror, depressing",serial experiments lain,/2eAPjPjkkiF10vOiHjECRIDXqtd.jpg,/vGIxAJUD3dILgxNOij4RWCm5O7Y.jpg,6.6123,ja,TV,13,1,https://www.nbcuni.co.jp/rondorobe/anime/lain,"Kaori Shimizu, Yoko Asada, Ayako Kawasumi",,Serial Experiments Lain - Anime Classics - Available Now - Trailer
205050,Shangri La Frontier,Returning Series,2023-10-01,24,"Rakuro Hizutome only cares about one thing: beating crappy VR games. He devotes his entire life to these buggy games and could clear them all in his sleep. One day, he decides to challenge himself and play a popular god-tier game called Shangri-La Frontier. But he quickly learns just how difficult it is. Will his expert skills be enough to uncover its hidden secrets?",8.1,143,"Animation, Action & Adventure, Comedy, Sci-Fi & Fantasy","virtual reality, gamer, based on manga, fantasy world, shounen, anime, mmorpg, virtual world, video games, based on web novel, adventure, ambivalent, teen fantasy, vrmmo",シャングリラ・フロンティア,/aCGdpgNkgz66R1winFkTFsMAhlC.jpg,/yErVUZkLVak2ICxFC7mMfl3vcNP.jpg,32.6183,ja,TV,50,1,https://anime.shangrilafrontier.com,"Yuma Uchida, Azumi Waki, Yoko Hikasa",,Official Trailer 3 [Subtitled]
63102,Shin Captain Tsubasa,Ended,1989-07-01,30,"Shin CT takes place at the U-16 word cup in France. After some friendly matches in Germany, Japan defeats one opponent after another and finally reaches the final round against Germany. After hard matches against Italian and French top players, the German team seems to be even more supreme. The giant goal keeper Moeller, the all round ace Kalz and Europe's best player and forward Schneider offer the Japanese team an extremely hard match, but in the end Japan wins 3:2.",7.036,14,"Animation, Action & Adventure","football (soccer), based on manga, anime, prodigy, spokon",新・キャプテン翼,/pdJFjI7OFcNrUuQoslGKSKtUpZU.jpg,/wIq3EmyGZ7GuWQSxfB9JBwGU8wN.jpg,1.8494,ja,TV,13,1,,"Akari Hibino, Hirotaka Suzuoki, Koichi Hashimoto",,
127532,Solo Leveling,Returning Series,2024-01-07,24,"They say whatever doesnt kill you makes you stronger, but thats not the case for the worlds weakest hunter Sung Jinwoo. After being brutally slaughtered by monsters in a high-ranking dungeon, Jinwoo came back with the System, a program only he could see, thats leveling him up in every way. Now, hes inspired to discover the secrets behind his powers and the dungeon that spawned them.",8.631,1080,"Animation, Action & Adventure, Sci-Fi & Fantasy","magic, survival, combat, super power, hunting, dungeon, anime, level up, based on webcomic or webtoon, cultivation, based on web novel, based on manhwa, progression fantasy",俺だけレベルアップな件,/geCRueV3ElhRTr0xtJuEWJt6dJ1.jpg,/odVlTMqPPiMksmxpN9cCbPCjUPP.jpg,168.0894,ja,TV,25,1,https://sololeveling-anime.net,"Taito Ban, Genta Nakamura, Haruna Mikawa",,Official Trailer 4 [Subtitled]
229676,Spice and Wolf MERCHANT MEETS THE WISE WOLF,Returning Series,2024-04-02,24,"Lawrence is a traveling merchant selling various goods from a horse-drawn cart. One day, he arrives at a village and meets a beautiful girl with the ears and tail of an animal! Her name is Holo the Wisewolf and she brings bountiful harvests. She wishes to return to her homeland, and Lawrence offers to take her. Now, the once-lonely merchant and the once-lonely wisewolf begin their journey north.",8.1,36,"Animation, Sci-Fi & Fantasy, Drama, Action & Adventure","work, god, remake, romance, travel, merchant, seinen, fox spirit, anime, based on light novel, adventure, admiring, antagonistic, bold",狼と香辛料 MERCHANT MEETS THE WISE WOLF,/fxzL2EWdiv19eZAoC8s7zuGCJG1.jpg,/Ao8SbtYJbxBuzFTQFSdHF7lLmDE.jpg,11.3716,ja,TV,26,2,https://spice-and-wolf.com/,"Jun Fukuyama, Ami Koshimizu",,Official Trailer 2 [Subtitled]
194986,Spy Classroom,Ended,2023-01-05,24,"Spy-in-training Lily is desperate to score a passing grade. Eager to prove herself, she leaps at the chance to join the mysterious team Lamplight and beat the Impossible Mission. Too bad the task ahead is even more harrowing than she imagined…",6.6,29,"Animation, Comedy, Mystery, Action & Adventure","spy, espionage, harem, romance, school, school life, seinen, anime, war",スパイ教室,/cjZL1z71AbNWVSs3ZpBcZ0LWac6.jpg,/7hdvBiy99fcgMr48eTKonL3ISWS.jpg,8.6679,ja,TV,24,1,https://spyroom-anime.com,"Sora Amamiya, Miku Ito, Nao Toyama",,Spy Classroom Official Trailer 2
114478,Star Wars Visions,Returning Series,2021-09-22,0,This anthology of animated shorts from around the world celebrates the mythos of Star Wars through unique cultural lenses.,7.2,388,"Animation, Sci-Fi & Fantasy, Action & Adventure","galaxy, anthology, space opera",Star Wars: Visions,/6NgLGcOHscy6yLXpKCQi4Mz1yVa.jpg,/285SD5D2xE2x0W96dYHyRNF2YNK.jpg,10.3094,en,TV,27,3,https://www.disneyplus.com/series/star-wars-visions/5AiiTRJ7OaKg,,,English Dub Trailer
42509,Steins Gate,Ended,2011-04-06,24,"A group of friends have customized their microwave so that it can send text messages to the past. As they perform different experiments, an organization named SERN who has been doing their own research on time travel tracks them down and now the characters have to find a way to avoid being captured by them.",8.4,813,"Animation, Sci-Fi & Fantasy, Mystery, Comedy","technology, secret organization, time travel, time machine, romance, mad scientist, conspiracy, tragedy, time loop, angst, seinen, anime, based on visual novel, butterfly effect, psychological",Steins;Gate,/5DZix6ggRiFEbsGqUeTAI1z2wtX.jpg,/gDvxT2z6TNxervG97WfpePRZ3aR.jpg,12.2891,ja,TV,24,1,http://steinsgate.tv/index.html,"Mamoru Miyano, Asami Imai, Kana Hanazawa",,Steins;Gate | Anime Trailer [HD] | 2011
78102,Steins Gate 0,Ended,2018-04-12,23,"The dark untold story of Steins;Gate that leads with the eccentric mad scientist Okabe, struggling to recover from a failed attempt at rescuing Kurisu. He decides to give up and abandons his lively scientist alter ego, in pursuit to forget the past. When all seems to be normal, he is seemingly pulled back into the past by meeting an acquaintance of Kurisu, who tells him that they have begun testing a device that stores the memory of a human and creates a simulation of them with their characteris...",8.021,241,"Sci-Fi & Fantasy, Animation, Drama","secret organization, time travel, time machine, mad scientist, anime",シュタインズ・ゲート ゼロ,/9u07yBllJTBRIcYxnfbgUxougk5.jpg,/7B4PGxWt9NrcFCEAegLSEuSyAeS.jpg,7.175,ja,TV,23,1,http://steinsgate0-anime.com,"Mamoru Miyano, Sayuri Yahagi, Asami Imai",,Trailer (Own It 7/2)
83708,Stellar Transformation,Returning Series,2018-10-05,25,"In a galaxy far away, there is a kid without innate ability to practice internal techniques. So, in order to gain the respect of his father, he resolutely chooses to follow the more difficult and painful path of practicing external techniques. As the years go by, he grows up, but what really changes his life is a mysterious meteoric crystal stone  the Meteoric Tear. This stone fuses with the young mans body unnoticed, and he seems to undergo drastic transformations as a result. After that, eve...",7.9,10,"Animation, Drama, Sci-Fi & Fantasy, Action & Adventure","martial arts, romance, historical, fantasy world, 3d animation, web series, donghua, based on web novel",星辰变,/i5l3cYbXYOlHWabtyexmVafxuL8.jpg,/ebFJAugBWQyOgZsFSNQrfIF27uC.jpg,10.0728,zh,TV,108,6,http://v.qq.com/detail/0/0s8n49g3g1rv1oz.html,"Yuan Weng, Shen Dawei, Jingxia Liu",,
229926,Suicide Squad Isekai,Ended,2024-06-27,24,"In the crime-ridden city of Gotham, Amanda Waller, the head of A.R.G.U.S., assembles a group of notorious criminals—Harley Quinn, Deadshot, Peacemaker, Clayface and King Shark—for a mission into an otherworldly realm that's connected to this world through a gate. It's a realm of swords and magic where orcs rampage and dragons rule the skies. Can Harley Quinn and her crew conquer this perilous realm?",7.6,76,"Animation, Action & Adventure, Sci-Fi & Fantasy","explosive, based on comic, anime, isekai",Suicide Squad Isekai,/AbVwsBJnLoqJzPJn8dlGFSGfygy.jpg,/gMk4uyWJnsgauRIjJyE63ECDTNa.jpg,4.8329,en,TV,10,1,https://suicidesquad-isekai.com,"Anna Nagase, Reigo Yamaguchi, Takehito Koyasu",,Official Trailer 3 [Subtitled]
117933,Summer Time Rendering,Ended,2022-04-15,24,"Upon hearing of Ushio's death, Shinpei returns to his hometown of Wakayama City on Hitogashima and reunites with his childhood friend's family. The funeral goes smoothly, but under the surface something strange is brewing on the island. What mysteries await him on this secluded summer island?",8.2,140,"Animation, Drama, Mystery","time travel, supernatural, romance, based on manga, summer vacation, high school student, hard, mysterious, aggressive, anime, desperate, malicious, suspense, grand, critical, complicated, exhilarated, harsh, tragic",サマータイムレンダ,/m9e7chRW8Q8Go1Dv00RCUHbMoNe.jpg,/p2eZlGwd8OjkWpwD2hSoBiIlHBZ.jpg,10.2905,ja,TV,25,1,https://summertime-anime.com,"Natsuki Hanae, Anna Nagase, Saho Shirasu",,
279182,Super Cube,Returning Series,2025-03-21,20,"In an accident, an ordinary boy, Wang Xiaoxiu, obtains a space system called ""Superpower Cube"" from a high-latitude cosmic civilization and gains extraordinary powers. When the school belle, Shen Yao, Wang Xiaoxius longtime crush, confesses her love to him, the delinquent Sun Jun, who also has a crush on her, is provoked. Wang Xiaoxiu resolves the crisis with his wit and extraordinary powers, but it also brings more disasters as a result. Shen Yao is taken to the world of extraordinary beings b...",9.0,10,"Animation, Action & Adventure, Sci-Fi & Fantasy","artificial intelligence (a.i.), super power, cube, anime, web series, based on webcomic or webtoon, based on manhua, donghua, 2d animation",超能立方,/bkeiYRYgQjJBItx9x3Fnia2XT3t.jpg,/89qSKhLrJOUhp6xgbqgSTpzblbA.jpg,50.4957,zh,TV,12,1,https://iqiyi.com/a_1cgy1ao7255.html,"Xinran Yang, Ye Zhiqiu, Jiang Yingjun",,【ANIMATION】SUPER CUBE 超能立方 超凡篇 TRAILER
45782,Sword Art Online,Ended,2012-07-08,24,"In the near future, a Virtual Reality Massive Multiplayer Online Role-Playing Game (VRMMORPG) called Sword Art Online has been released where players control their avatars with their bodies using a piece of technology called Nerve Gear. One day, players discover they cannot log out, as the game creator is holding them captive unless they reach the 100th floor of the game's tower and defeat the final boss. However, if they die in the game, they die in real life. Their struggle for survival starts...",8.187,1907,"Animation, Sci-Fi & Fantasy, Action & Adventure","video game, artificial intelligence (a.i.), based on novel or book, magic, fairy, virtual reality, friendship, sword fight, romance, survival, game, death match, alternative reality, angst, anime, mmorpg, isekai, virtual world, love polygon, trapped in a game, fantasy, based on light novel, adventure, vrmmo",ソードアート・オンライン,/9m8bFIXPg26taNrFSXGwEORVACD.jpg,/t61TOLBPE2hgtVF7FtRu4M1Tuq.jpg,19.8391,ja,TV,96,4,https://www.swordart-online.net/,"Yoshitsugu Matsuoka, Haruka Tomatsu, Hiroaki Hirata",,Opening 1 | Crossing Field - LiSA [Subtitled]
133154,Sword of the Demon Hunter Kijin Gentosho,Returning Series,2025-03-31,0,"In the Edo period, there was a shrine maiden called ""Itsukihime"" in the mountain village of Kadono. Jinta, a young man who acts as the shrine maiden's guardian despite being a stranger, encounters a mysterious demon who speaks of the far future in the forest where he went to defeat it. From Edo to the Heisei era, this huge Japanese fantasy series follows a demon man who travels through time while continuously questioning the meaning of wielding a sword.",10.0,1,"Animation, Sci-Fi & Fantasy, Drama","based on novel or book, samurai, time travel, supernatural, historical, mourning, edo period, curious, 19th century, anime, psychological, time manipulation, based on web novel, shrine maiden",鬼人幻燈抄,/8BNGnDKMaDvpmkTd6z9pQL97Upe.jpg,/7ylrebWFQZAHOW1TMGdhp9AfRp1.jpg,22.3966,ja,TV,24,1,https://kijin-anime.com,"Taku Yashiro, Saori Hayami, Reina Ueda",,Trailer [Subtitled]
236385,T P BON,Ended,2024-05-02,0,"After Bon accidentally intervenes in a Time Patrol case, he must join Agent Ream in saving innocent lives from the past — while watching history unfold.",7.6,16,"Animation, Action & Adventure, Drama, Sci-Fi & Fantasy","secret organization, time travel, based on manga, schoolboy, curious, anime, time-manipulation, complex, cautionary, helping people, original net animation (ona), compassionate",T・Pぼん,/13HE9ZZorQ3KLQrFW2KOH0dZLlW.jpg,/8JT2teOpP9Q8BD9R1sQKnZWG8Kb.jpg,5.2612,ja,TV,24,2,https://www.netflix.com/title/81497635,"Akihisa Wakayama, Mamoru Miyano, Tomoyo Kurosawa",,OP - Bon Bon Bon by Ryan Brahms [Subtitled]
239161,THE NEW GATE,Ended,2024-04-14,24,"When an online game turns real, trapping its players in its virtual space, the strongest of them, Shin, rises up to put a stop to the madness. But just moments after defeating the game's final boss, Origin, and freeing everyone, Shin is transported 500 years into the future of the in-game world. Armed with unrivaled strength, the young swordsman embarks on a legendary journey.",7.0,33,"Animation, Action & Adventure","reincarnation, based on manga, anime, isekai, based on light novel",THE NEW GATE,/neTGdBl851se6Vk9xGVIZ7N2jzJ.jpg,/pELpFSbW0zIjlbQy42DrTZyS8nE.jpg,5.3653,ja,TV,12,1,https://the-new-gate-pr.com,"Kensho Ono, Asami Seto, Kaede Hondo",,Official Trailer [Subtitled]
229302,TRILLION GAME,Ended,2023-07-14,46,"Two old friends go into business together  one's a master communicator, and the other's a great engineer. Their goal? To make a trillion dollars.",7.778,18,Drama,"business, investment, commercial war",トリリオンゲーム,/yKWo0HdvMBo0WRaaAVTBIAgT1tM.jpg,/1x1D5ysUDNKhodYwcpC4aygCudD.jpg,3.4373,ja,TV,10,1,https://www.tbs.co.jp/trilliongame_tbs/,"Ren Meguro, Hayato Sano, Mio Imada","Kentarō Takemura, Yoshiaki Murao, Daisuke Habara",目黒蓮主演！“全てを手に入れたい男” VS “全てを奪いたい女!?” 金曜ドラマ『トリリオンゲーム』7月14日よる10時【TBS】
195530,Tekken Bloodline,Ended,2022-08-18,28,"After losing his home to a powerful enemy, a hot-tempered fighter trains under his zealous grandfather while awaiting his chance for revenge.",7.5,172,"Action & Adventure, Sci-Fi & Fantasy, Animation","martial arts, revenge, based on video game, martial arts tournament, anime",Tekken: Bloodline,/bi3XOKS38K7FdH9nPtsZCcmeL1F.jpg,/gm2IfEvI6wphjmLbAwV32LopadU.jpg,3.5719,en,TV,6,1,https://www.netflix.com/title/81002441,"Kaiji Tang, Vivian Lu, Hiroshi Watanabe",,Opening Credits (Clean)
82684,That Time I Got Reincarnated as a Slime,Returning Series,2018-10-02,0,"37-year-old corporate worker Mikami Satoru is stabbed by a random killer, and is reborn to an alternate world. But he turns out to be reborn a slime! Thrown into this new world with the name Rimuru Tempest, he begins his quest to create a world thats welcoming to all races. Broken free from ordinary, stale past life, his fresh adventure in a fantasy world as a slime monster with unique abilities begins.",8.462,777,"Action & Adventure, Animation, Sci-Fi & Fantasy, Comedy","countryside, elves, underground, swordplay, magic, fairy, affectation, slime, reincarnation, friendship, afterlife, gore, dragon, demon, parallel world, super power, dungeon, extrasensory perception, goblin, heart warming, shounen, anime, drastic change of life, sword and sorcery, isekai, time skip, fantasy, based on light novel, adventure, admiring, reincarnated in another world",転生したらスライムだった件,/jQb1ztdko9qc4aCdnMXShcIHXRG.jpg,/xzjZDyqUobuJtkBljhgLH4Fdnye.jpg,21.7716,ja,TV,77,4,https://www.ten-sura.com/anime/tensura,"Miho Okasaki, Megumi Toyoguchi, Tomoaki Maeno",,Season 1 - Opening 2 | Meguru Mono
223564,The 100 Girlfriends Who Really Really Really Really REALLY Love You,Ended,2023-10-08,23,"Rentaro Aijo was rejected 100 times in middle school. He visits a shrine and prays for better luck in high school. The God of Love appears and promises that he'll soon meet 100 people he's destined to date. But there's a catch—once destiny introduces someone to him, the two must happily love each other. If they don't, they'll die. What will befall Rentaro and his 100 girlfriends in high school?",8.032,140,"Animation, Comedy, Sci-Fi & Fantasy","affectation, high school, polygamy, harem, god, romance, school, breaking the fourth wall, based on manga, drugs, school life, seinen, ecchi, anime, absurdist, japanese high school",君のことが大大大大大好きな100人の彼女,/ms7uowQ6gBjfaB2zzwugfr30IKZ.jpg,/pI5J1Xv2ehpuyPNNCGVR6QZ51z6.jpg,24.6343,ja,TV,24,1,https://hyakkano.com,"Wataru Katoh, Kaede Hondo, Miyu Tomita",,"Opening | To You Who I Really, Really, Really, Really, REALLY Love♡ - Kaede Hondo, Miyu Tomita, Mari"
99624,The 8th son Are you kidding me,Ended,2020-04-02,24,"Ichinomiya Shingo, an everyday twenty-five-year-old office worker, wakes up as Wendelin, the 8th son of an impoverished noble family out in the sticks. He soon despairs at his lack of succession rights and knowledge to navigate the political world, but finds hope in his aptitude for magic. This is the story of that young man earning his keep and his freedom through magic, with no world saving involved, and spending quite a while escaping his solitude. Ultimately, it is also the story of him bein...",7.7,123,"Animation, Action & Adventure, Sci-Fi & Fantasy, Comedy","based on novel or book, reincarnation, fantasy world, anime, isekai",八男って、それはないでしょう！,/vczlgbCyJPIzjhyyiI9mGVL1gTg.jpg,/1QhNiFUOhljlOmdDrDbi4UGmEWk.jpg,3.5832,ja,TV,12,1,http://hachinan-anime.com/,"Asuka Nishi, Junya Enoki, Daisuke Namikawa",,The 8th Son? Are You Kidding Me? | OFFICIAL TRAILER 2
73833,The Ancient Magus Bride,Ended,2017-10-08,24,"Hatori Chise has lived a life full of neglect and abuse, devoid of anything resembling love. Far from the warmth of family, she has had her share of troubles and pitfalls. Just when all hope seems lost, a fateful encounter awaits her. When a man with the head of a beast, wielding strange powers, obtains her through a slave auction, Chise's life will never be the same again.The man is a ""magus,""a sorcerer of great power, who decides to free Chise from the bonds of captivity. The magus then make...",8.4,392,"Animation, Sci-Fi & Fantasy","mythology, magic, fairy, slavery, forbidden love, friendship, supernatural, slice of life, curse, tragedy, coming of age, religion, dragon, based on manga, first love, dark fantasy, angst, heart warming, shounen, anime, drastic change of life, time skip",魔法使いの嫁,/8jnA4eaJLj3GByaYIw2JroVln40.jpg,/KI2sFvqJHzc95WM7dcX9kM8tY1.jpg,13.783,ja,TV,48,2,http://mahoyome.jp,"Atsumi Tanezaki, Ryota Takeuchi, Koki Uchiyama",,
220542,The Apothecary Diaries,Returning Series,2023-10-22,23,"Maomao lived a peaceful life with her apothecary father. Until one day, she's sold as a lowly servant to the emperor's palace. But she wasn't meant for a compliant life among royalty. So when imperial heirs fall ill, she decides to step in and find a cure! This catches the eye of Jinshi, a handsome palace official who promotes her. Now, she's making a name for herself solving medical mysteries!",8.709,313,"Animation, Drama, Mystery","detective, work, politics, female protagonist, maid, historical, lady in waiting, anime, medical, based on light novel",薬屋のひとりごと,/e3ojpANrFnmJCyeBNTinYwyBCIN.jpg,/uDdut2pbpX8NJsHF7MsCu6ipy4F.jpg,73.393,ja,TV,48,1,https://kusuriyanohitorigoto.jp,"Aoi Yuki, Takeo Otsuka, Katsuyuki Konishi",,Official Netflix Trailer [Subtitled]
229108,The Banished Former Hero Lives as He Pleases,Ended,2024-04-02,24,"Allen is banished from the Duchy of Westfeldt on account of his low level and lack of a god-given Gift, and all seems lost. But with his memories of a past life as a hero intact, Allen sees this twist of fate as a blessing—he can finally live his life as he pleases! That momentary peace is cut short when Allen saves his ex-fiancée, beginning a new saga for the banished former hero.",6.7,17,"Animation, Action & Adventure, Sci-Fi & Fantasy","swordplay, hero, magic, ex fiancé, banishment, reincarnation, fantasy world, past life, anime, ex fiancée, sword and sorcery, isekai, memories, based on light novel, past life memories",出来損ないと呼ばれた元英雄は、実家から追放されたので好き勝手に生きることにした,/gUDkHsNzkjTBQ55fS9pUO1ng7vk.jpg,/ulPhuyAA6Yd0k372vQhhj5BmyVM.jpg,3.1673,ja,TV,12,1,https://dekisoko-anime.com,"Shouta Aoi, Minami Kurisaka, Sora Amamiya",,Official Trailer [Subtitled]
274671,The Beginning After the End,Returning Series,2025-04-02,24,"After a mysterious death, King Grey is reborn as Arthur Leywin on the magical continent of Dicathen. Although he enters his second life as a baby, his previous wisdom remains. He begins to master magic and forge his own path as the years go by, seeking to correct the mistakes of his past life.",7.4,7,"Animation, Action & Adventure","elves, magic, reincarnation, based on comic, anime, sword and sorcery, isekai, epic fantasy",最強の王様、二度目の人生は何をする？,/az0jQSgRLezKw5uHaEjPH20NexD.jpg,/epPoqwhas9lhZasJ9yVYJod2GQa.jpg,27.2491,ja,TV,12,1,https://saikyo2dome-tbate.com,"Natsumi Fujiwara, Makoto Furukawa",,Official Trailer 2 [Subtitled]
45997,The Devil Is a Part Timer,Ended,2013-04-04,24,"Foiled by a hero when hes inches away from conquering the world, the devil finds himself in modern-day Tokyo. With no real-world skills to speak of, the devil is forced to make ends meet flipping burgers at a fast food joint! To stall any further plans of world domination, the hero tracks the devils trail and takes on the lowly tasks of a telemarketer.",7.5,261,"Animation, Comedy, Sci-Fi & Fantasy, Action & Adventure","based on novel or book, romance, demon, fast food, anime, isekai, reverse isekai, fantasy, based on light novel",はたらく魔王さま！,/55jYHFT8iJuASF8Mzg0V8Dh3N3M.jpg,/lQoR4D4TJRx4Rm87Jr0e8eQD8RB.jpg,8.5246,ja,TV,37,2,https://maousama.jp/,"Ryota Osaka, Yoko Hikasa, Nao Toyama",,The Devil is a Part-Timer! Clip: We're Gonna Die...
222623,The Elusive Samurai,Returning Series,2024-07-06,24,"Set between the Kamakura and Muromachi periods, during the Kenmu Restoration, the story follows the tale of Hojo Tokiyuki, a boy on the run after his family is overthrown by Ashikaga Takauji. With his only allies being a shady priest and his followers, the young lord must seek revenge and regain his glory, with his only weapon: a superhuman ability to flee and hide.",8.185,27,"Animation, Action & Adventure","samurai, based on manga, historical, shounen, anime",逃げ上手の若君,/f9ZgHhSwJKkoaVAuYz4uJaHsqii.jpg,/cN8u7s6vaQezheTy2mGOzEmF7Hg.jpg,4.3061,ja,TV,12,2,https://nigewaka.run,"Asaki Yuikawa, Yuichi Nakamura, Hinaki Yano",,Official English Dub Trailer
238843,The Fable,Returning Series,2024-04-07,23,A legendary hitman trained to become the world's best assassin is asked to lay low for a year by the head of his crime family.,7.9,30,"Animation, Comedy, Action & Adventure, Crime","assassin, based on manga, anime, intense, animated remake",ザ・ファブル,/aQeVABaQ7gZedtmtDRwhrgOQwgq.jpg,/hbPUaAY6YQOmqMdwd5qm6JavqGk.jpg,8.9731,ja,TV,25,1,https://www.vap.co.jp/the-fable-anime/,"Kazuyuki Okitsu, Miyuki Sawashiro, Kana Hanazawa",,
229946,The Fallen Master,Ended,2023-07-04,22,,0.0,0,Animation,,堕玄师,/7e0tV2TUCiWQUPAY3kttOLTIWwD.jpg,/hXcqA0pLDzt7JkTQnyHqIRV6kU2.jpg,0.2223,zh,TV,15,1,https://v.qq.com/x/cover/mzc00200vrd7cz6.html,,,
120155,The Greatest Demon Lord Is Reborn as a Typical Nobody,Ended,2022-04-06,24,"In his past life, he was known as Demon Lord Varvatos, an all-powerful magic user and ruler. But he was lonely after the loss of his friends and loved ones during his rise to power, so in his dying moments, Varvatos cast a reincarnation spell so that he'd get a second chance at just being a normal guy. At first it looks like that's going to work  he's reborn thousands of years later as villager Ard. Unfortunately for him, his memories are still intact and he's not aware just how much has been l...",7.2,68,"Animation, Action & Adventure, Sci-Fi & Fantasy","magic, reincarnation, harem, demon, seinen, ecchi, anime, magic school, based on light novel",史上最強の大魔王、村人Aに転生する,/dtULGP3qRi932NzYGsp7u6q6zAS.jpg,/eRWfd1Th31vsXzl4JdvUt97YJVj.jpg,6.3263,ja,TV,12,1,https://murabito-a-anime.com/,"Toshinari Fukamachi, Wakana Maruoka, Hina Youmiya",,Official Trailer
62430,The Heroic Legend of Arslan,Ended,2015-04-05,24,"Arslan is the heir apparent of Pars, a strong nation that sits at the hear of the trade route connecting the East and the West. When the pagan nation of Lusitania begins an invasion of Pars, the timid Arslan is confronted with battle for the first time. His worst anxieties are realized the Parsian army falls for a Lusitanian stratagem and are routed. He barely escapes with his life, thanks to the loyal and indomitable warrior Daryun. Together they will stand against the invasion and the crueltie...",6.953,74,"Action & Adventure, Animation, Drama, Sci-Fi & Fantasy, War & Politics","based on manga, anime, adventure",アルスラーン戦記,/p6F6pGoNNtIViDxHkU4wDeseiyJ.jpg,/ty3fCZumomMkHPHRxACDQJkTEyD.jpg,10.2418,ja,TV,33,2,http://www.arslan.jp/,"Yusuke Kobayashi, Daisuke Namikawa, Yoshimasa Hosoya",,Ending
103157,The Hidden Dungeon Only I Can Enter,Ended,2021-01-08,24,"The Hidden Dungeon is a place of legend where rare treasures and items are hidden. Nor, the third son of an impoverished noble family who's lost the one job offer he had, was lucky enough to hear about this dungeon. He then acquires a skill that allows him to create, bestow, and edit skills... and in order to use it, he needs to accumulate points by carrying out such tasks as eating delicious meals and doing sexual things with alluring members of the opposite sex.",8.014,506,"Animation, Comedy, Action & Adventure, Sci-Fi & Fantasy","monster, magic, harem, romance, based on manga, super power, dungeon, fantasy world, ecchi, anime, adventure",俺だけ入れる隠しダンジョン ～こっそり鍛えて世界最強～,/nTZZrTr72PKnEVm5bIt3AlHzNpm.jpg,/3g7XI4IuwGiXipyBbreJDpc0fwN.jpg,3.8406,ja,TV,12,1,https://kakushidungeon-anime.jp,"Ryota Osaka, Miyu Tomita, Rumi Okubo",,The Hidden Dungeon Only I Can Enter | OFFICIAL TRAILER
34189,The Irresponsible Captain Tylor,Ended,1993-01-25,24,"Justy Ueki Tylor had his life all planned out: join the military, get a cushy desk job, and then retire with a big fat pension check. The perfect plan... until he wandered into a hostage situation and somehow managed to save an admiral! Now Tylor - a man who wouldn't know what discipline was if it bit him on the backside - has been made Captain of the space cruiser Soyokaze.The crew of this run-down ship is the craziest rag-tag team of misfits you're ever likely to see, and they're not too fon...",7.833,12,"Sci-Fi & Fantasy, Animation, Comedy","based on novel or book, military, anime, war",無責任艦長タイラー,/tmPKSHWBVIG2uBFDfMV1qdql8hV.jpg,/bTTxdfY8nlVNIpfeIy798iZKXk8.jpg,5.1848,ja,TV,26,1,http://www.dreamcreation.co.jp/musekinin/,"Koji Tsujitani, Hiroko Kasahara, Joji Yanami",,Opening | just think of tomorrow - Mari Sasaki
219673,The Kingdoms of Ruin,Ended,2023-10-07,24,"Witches were once respected for the wisdom and magic they gifted to humans. But with the rise of the Gear Expansion era, the new science community deemed them as enemies who hindered the progress of society. Thus began the slaughter of all witches, including one who had mentored a human boy named Adonis. After witnessing her death, Adonis vows to bring bloodshed and terror to the human race.",7.6,76,"Animation, Action & Adventure, Sci-Fi & Fantasy","magic, based on comic, based on manga, shounen, anime, edge, science fantasy",はめつのおうこく,/oVGf0RNRr8OwkAn93plLwy98NXj.jpg,/n78eIAuUetBU3UHvsmadQ4o3ucl.jpg,6.3009,ja,TV,12,1,https://hametsu-anime.com,"Kaito Ishikawa, Azumi Waki, Ryoko Shiraishi",,Official Trailer [Subtitled]
97617,The Misfit of Demon King Academy,Ended,2020-07-04,24,"Anos Voldigord was a tyrannical Demon King that eradicated humans, spirits, and even the gods, but became bored of eternal warfare and reincarnated with dreams of a peaceful world. However, what awaited him in reincarnation after 2000 years were descendants who became too weak after being accustomed to peace, and all sorts of magic that deteriorated to the extreme. Anos enters Demon King Academy that gathers and educates those who are viewed as the reincarnation of the Demon King, but the academ...",8.482,812,"Animation, Action & Adventure, Sci-Fi & Fantasy","based on novel or book, magic, reincarnation, demon, school life, anime, magic school, based on light novel",魔王学院の不適合者 ～史上最強の魔王の始祖、転生して子孫たちの学校へ通う～,/xBNR7V4s5b0qQfRCiyEvIC5PS6v.jpg,/fxISKAY8c2xYXt2CFLjUU2bEx8n.jpg,28.2396,ja,TV,37,2,https://maohgakuin.com,"Tomori Kusunoki, Yuuichirou Umehara, Yuko Natsuyoshi",,PV 2 [Subtitled]
213326,The Most Heretical Last Boss Queen From Villainess to Savior,Ended,2023-07-07,24,"Pride Royal Ivy is only eight years old when she realizes that she's been reincarnated, destined to become the future wicked queen and final boss of an otome game. She's got it all in this new life: razor-sharp wit, boss-tier powers, and influence over the kingdom as crown princess. Determined to sow despair and destruction across the land, she... Wait, what kind of a rotten future is that?! Princess Pride decides to drop the maniacal villainess plan and protect the male love interests instead, ...",8.174,46,"Animation, Sci-Fi & Fantasy","reincarnation, anime, isekai, based on light novel",悲劇の元凶となる最強外道ラスボス女王は民の為に尽くします。,/u6bMg0g9KDw9nTuMqORCYWHsMSe.jpg,/mhlT8wIYlsjKK5tRASsALxePkLG.jpg,6.0926,ja,TV,12,1,https://lastame.com,"Fairouz Ai, Maaya Uchida, Haruka Tomatsu",,English DUB Trailer
250598,The Ossan Newbie Adventurer Trained to Death by the Most Powerful Party Became Invincible,Ended,2024-07-02,24,"Normally, people choose to become adventurers in their teens. At 30 years old, Rick Gladiator bucks the trend by leaving his job as a guild clerk to become an adventurer. He begins as a novice F-rank with the fighting strength of an S-rank. After two years of brutal training with the continents strongest party, Orichalcum Fist, Rick will defeat anyone who underestimates him!",8.188,48,"Action & Adventure, Animation, Sci-Fi & Fantasy","adventurer, anime, sword and sorcery, inspirational, adaptation, based on light novel, middle-aged",新米オッサン冒険者、最強パーティに死ぬほど鍛えられて無敵になる。,/dHxGWlygSNRb97wujSwtEts5snP.jpg,/1Jz9C5BOIjKPEWhm3zWcpDHJ0TT.jpg,7.7867,ja,TV,12,1,https://shinmaiossan-anime.com/,"Takuya Sato, Saori Onishi, Kenta Miyake",,Official Trailer [Subtitled]
84669,The Quintessential Quintuplets,Ended,2019-01-11,24,"Fuutarou Uesugi is a poor, antisocial ace student who one day meets the rich transfer student Itsuki Nakano. They argue but when Uesugi realizes he is to be her tutor, he tries to get on better terms. While trying to do so he meets four other girls.",8.5,707,"Animation, Drama, Comedy","dreams, exam, high school, harem, based on comic, romance, slice of life, school, debt, camp, tutor, classmate, older brother younger sister, anime, field trip, japanese high school, camp fire, tsundere",五等分の花嫁,/mrahUSmFjae8UHtlOcZ58ytmAGu.jpg,/uuqVT15I6P4ow7NS0stu7aM2X5w.jpg,11.1263,ja,TV,24,2,http://www.tbs.co.jp/anime/5hanayome,"Yoshitsugu Matsuoka, Kana Hanazawa, Ayana Taketatsu",,
83095,The Rising of the Shield Hero,Returning Series,2019-01-09,24,"Iwatani Naofumi, a run-of-the-mill otaku, finds a book in the library that summons him to another world. He is tasked with joining the sword, spear, and bow as one of the Four Cardinal Heroes and fighting the Waves of Catastrophe as the Shield Hero. Excited by the prospect of a grand adventure, Naofumi sets off with his party. However, merely a few days later, he is betrayed and loses all his money, dignity, and respect. Unable to trust anyone anymore, he employs a slave named Raphtalia and take...",8.526,1401,"Animation, Action & Adventure, Sci-Fi & Fantasy, Drama","saving the world, anti hero, magic, slavery, training, romance, dysfunctional family, betrayal, religion, sibling rivalry, dragon, parallel world, dark fantasy, seinen, summons, anime, corrupt church, isekai, fantasy, based on light novel, adventure",盾の勇者の成り上がり,/yjq2n0agGJfmZQ9NpbYIhuBofcq.jpg,/de6iC707SwuMsE3y2fo5OHCOsvj.jpg,14.2438,ja,TV,51,4,http://shieldhero-anime.jp,"Kaito Ishikawa, Asami Seto, Rina Hidaka",,The Rising of the Shield Hero - Opening 2 | FAITH
32676,The Rose of Versailles,Ended,1979-10-10,24,"Raised from birth as a man, the Lady Oscar commands the palace guards at Versailles in the years before the French Revolution. Her beauty and noble spirit make her a shining figure in the eyes of both men and women but she is torn between her chosen life of service and duty to class and country and her own heart and desires. She lives as a noble amidst the opulence of Versailles but her keen senses and compassion are not blinded to the poverty of the French people.",8.3,170,"Drama, Animation, Action & Adventure","politics, romance, cross dressing, based on manga, historical, military, shoujo, anime, war",ベルサイユのばら,/stv9ZmIELR1gVIoa5ZuomEbHFqd.jpg,/9NWbWPATBZjfN3Ezrw0LTQ7JcuL.jpg,4.9539,ja,TV,40,1,,"Reiko Tajima, Miyuki Ueda, Tarō Shigaki",Osamu Dezaki,Opening | Bara wa Utsukushiku Chiru (The Rose Perishes Beautifully) - Hiroko Suzuki [Subtitled]
248951,The Strongest Magician in the Demon Lords Army Was a Human,Ended,2024-07-03,24,"Ike is a powerful magician and the leader of the Immortal Brigade, part of the Seventh Corps of the Demon Lords Army. He single-handedly conquers fortresses and pushes back the armies of humanity. Neither Dairokuten, the Demon Lord, nor Ikes loyal soldiers know his darkest secret—he is a human in hiding! But can he keep his secret safe and bring peaceful coexistence to demons and humans?",7.6,26,"Animation, Action & Adventure","witch, demon, seinen, anime, war, based on light novel",魔王軍最強の魔術師は人間だった,/1ANATsXdWWJzsSI5GKp1cot6jRe.jpg,/iIjfY0Zz6LTn2PTiLEe8baGc48k.jpg,3.3973,ja,TV,12,1,https://maougun-anime.com,"Jun Fukuyama, Shizuka Itoh, Manaka Iwami",,Official Trailer [Subtitled]
42729,The Twelve Kingdoms,Ended,2002-04-09,25,"Nakajima Youko is your average somewhat timid high school student. One day, a strange man named Keiki appears before her, swearing allegiance. Before she could properly register what was happening, demon-like creatures attack Youko and her friends, after which they are pulled into a different world. A world unlike what she has ever known. Separated from Keiki, Youko and her friends must do whatever they can if they wish to survive in this new world.",8.0,45,"Animation, Sci-Fi & Fantasy, Action & Adventure","based on novel or book, magic, supernatural, fantasy world, anime, isekai, fantasy, chinese mythology",十二国記,/l8UsOs2O8f4nkmDX7CXKZqqC3xV.jpg,/fB2k11exO93IeWnpwrY1mzE89ul.jpg,13.4109,ja,TV,45,4,https://www6.nhk.or.jp/anime/program/detail.html?i=12kokuki,"Takehito Koyasu, Kenichi Suzumura, Masaki Aizawa",Tsuneo Kobayashi,The Twelve Kingdoms | Official Trailer | Full Anime Series Streaming on AsianCrush
197848,The Unwanted Undead Adventurer,Returning Series,2024-01-08,24,"Rentt Faina has hunted monsters for the last 10 years. Sadly, hes not great at his job, stuck hunting slimes and goblins for a few coins each day. His luck turns when he finds an undiscovered path. At the paths end, he meets his demise in the maw of a legendary dragon. But, he wakes up as an undead bag of bones! He sets out to achieve Existential Evolution and rejoin the land of the living.",7.633,64,"Animation, Mystery, Action & Adventure, Sci-Fi & Fantasy","monster, reincarnation, supernatural, harem, dragon, based on manga, adventurer, anime, based on light novel",望まぬ不死の冒険者,/lQpkZLyw8ID6lZG3djRtihzVWmY.jpg,/eYfyC5foNQVxi0dosgwUl8obHLg.jpg,4.141,ja,TV,12,1,https://nozomanufushi-anime.jp,"Ryota Suzuki, Ikumi Hasegawa, Mikako Komatsu",,Official Trailer [Subtitled]
208445,The Witch and the Beast,Ended,2024-01-12,24,"Guideau is a young woman who was cursed by a witch, forced to carry a dark secret. Ashaf is a tall, soft-spoken man with a coffin strapped to his back and secrets yet untold. Together they venture across the land on their quest for vengeance. Appearances can be deceiving, and each step could be their last. In a dark fantasy filled with adventure, will unlikely heroes find the vengeance they seek?",7.851,37,"Animation, Sci-Fi & Fantasy, Action & Adventure, Drama","witch, magic, gore, based on manga, dark fantasy, seinen, anime",魔女と野獣,/ooSzpaJkU8MnfuLKn0IThcACv57.jpg,/3sOWWRpSEGrljd8O50KLmOIdIPn.jpg,5.3612,ja,TV,12,1,https://www.tbs.co.jp/anime/majo,"You Taichi, Toshiyuki Morikawa",,Official Teaser Trailer [ENG SUB]
131365,The Wrong Way to Use Healing Magic,Returning Series,2024-01-06,24,"An ordinary walk home from school turns into an epic journey for Usato. After suddenly being dropped into another world with two fellow students, Usato learns he was summoned there by accident. But things turn around when he discovers a unique aptitude for healing magic! Now, he trains beyond human limitations, using his self-healing abilities to gain absurd strength and unrivaled stamina.",7.78,66,"Animation, Comedy, Action & Adventure, Sci-Fi & Fantasy","magic, healing power, fantasy world, anime, other world, isekai, based on light novel, adventure",治癒魔法の間違った使い方,/uQEbcmuUwDfPiVUIRCF6d57eErM.jpg,/1WbGhlLj1z6PC6Vrz5baouodURB.jpg,5.7147,ja,TV,14,2,https://chiyumahou-anime.com,"Shogo Sakata, Ayaka Nanase, Kengo Takanashi",,Official Trailer [Subtitled]
272059,To Be Hero X,Returning Series,2025-04-06,23,"In a world full of brilliant heroes, its the trust of fans that turns heroes into superheroes. If a hero loses the peoples trust, they lose their special abilities. Trust value is collected, quantified, and used to determine a heros ranking, displayed on their wrist. Every two years, the top heroes go to a tournament to fight, determine new trust values, and earn their rankings.",8.5,10,"Animation, Action & Adventure, Sci-Fi & Fantasy","competition, hero, superhero, chinese, super power, anime, web series, sino japanese production, donghua, original net animation (ona)",凸变英雄X,/7ynNG9lYS9HIR8cYMgawO19VPkg.jpg,/4b0oKiGtlwX19b0y6tQQC1ea0o5.jpg,34.7973,zh,TV,24,1,https://www.bilibili.com/tbhx,"Wei Chao, Liu Xiaoyu, Zhangtaikang Chen",,Everyone Could Be a Hero
97525,To Your Eternity,Returning Series,2021-04-12,25,"An immortal being takes on the form of a human boy, wandering the earth and experiencing the pains and joys of life throughout his story without end.",8.185,259,"Animation, Action & Adventure, Sci-Fi & Fantasy","philosophy, mutation, suffering, transformation, immortality, reincarnation, friendship, supernatural, survival, tragedy, based on manga, multiple identities, evolution, fantasy world, lost relationship, eternity, shounen, anime, emotions, eternal life, time skip, memories, adventure",不滅のあなたへ,/lA2jRBubr2OLOlbkJXuBXYqv4A9.jpg,/qmeC99iX9YPbxi3Dwsw5VvxIbCC.jpg,18.4381,ja,TV,40,3,https://anime-fumetsunoanatae.com,"Reiji Kawashima, Kenjiro Tsuda, Eri Inagawa",,Official Trailer 2 [Subtitled]
95269,Toilet Bound Hanako kun,Returning Series,2020-01-10,24,"First year high school student and occultist, Nene Yashiro summons ""Hanako-san of the Toilet"" to grant her romantic wishes. She ends up Hanako's spiritual assistant, helping him destroy supernatural beings and change rumors to balance the spirit and human worlds. Along the way, Nene learns about her connection to the spirit world and the dark secrets regarding Hanako's past.",8.642,736,"Animation, Mystery, Comedy, Action & Adventure, Drama","affectation, supernatural, high school, romance, school, bromance, based on manga, spirit, youkai, haunted school, anime, academy, japanese high school, suspenseful, comforting",地縛少年花子くん,/iehq6tSUylg5kFkOxndNYZWjzNu.jpg,/ifJacgrENUweJF5Kq8h2NYfShzd.jpg,15.8499,ja,TV,24,2,https://hanakokun.com,"Megumi Ogata, Akari Kito, Shoya Chiba",,Opening | No.7 - Jibaku Shounen Band (Youji Ikuta from PENGUIN RESEARCH x Masayoshi Ooishi x ZiNG)
61374,Tokyo Ghoul,Ended,2014-07-04,24,"Ken Kaneki, a bookworm college student, meets Rize, a girl his own age with whom he shares many interests.",8.3,2347,"Animation, Drama, Sci-Fi & Fantasy","monster, secret organization, dystopia, coffee shop, supernatural, murder, gore, tragedy, disaster, torture, based on manga, fighting, super power, ghoul, dark fantasy, seinen, anime, drastic change of life, psychological, suspense, fantasy, horror, mystery",東京喰種トーキョーグール,/1m4RlC9BTCbyY549TOdVQ5NRPcR.jpg,/yOarY3Yo0NMkuTuft87M5oAZa3C.jpg,25.5875,ja,TV,48,4,http://www.marv.jp/special/tokyoghoul,"Natsuki Hanae, Sora Amamiya, Shintaro Asanuma",,Tokyo Ghoul Season 1 (Uncut) - Trailer
243140,Tonbo,Ended,2024-04-06,24,"A dramatic tale of golf and humans, set on the beautiful Tokara Islands. Igarashi has thrown away his past and fled society, relocating to Hinoshima Island. Here, on ""Japan's last hidden paradise,"" he meets Tonbo, the islands only middle schooler. To his surprise, this girl harbors an extraordinary talent for golf!? This encounter marks the beginning of a significant change in their destinies.",7.1,18,"Animation, Drama","golf, sports, slice of life, coming of age, based on manga, anime, prodigy",オーイ！とんぼ,/rAI0hOocFwELMJVmBJn1l3ubRD9.jpg,/ePma3sQVolgMcojxBrhkGgN9u4D.jpg,3.7226,ja,TV,26,1,https://tonbo-anime.com,"Rika Hayashi, Hiroki Touchi",,
97860,Tower of God,Ended,2020-04-02,24,"Reach the top, and everything will be yours. At the top of the tower exists everything in this world, and all of it can be yours. You can become a god. This is the story of the beginning and the end of Rachel, the girl who climbed the tower so she could see the stars, and Bam, the boy who needed nothing but her.",8.252,457,"Animation, Mystery, Sci-Fi & Fantasy, Action & Adventure","friendship, survival, bromance, creature, tower, dark fantasy, anime, based on webcomic or webtoon, fantasy, adventure, based on manhwa",神之塔 -Tower of God-,/8v8ANBJNUzvA8F6sM20DBt3zZ44.jpg,/gcvJgJScIt0a5sRt8uLIkGM9IhI.jpg,14.9156,ja,TV,39,2,https://tog-anime.com/,"Taichi Ichikawa, Nobuhiko Okamoto, Yuma Uchida",,Tower of God | CHARACTER TRAILER
249409,Twilight Out of Focus,Ended,2024-07-04,24,"Three poignant love stories unfold in a boys' school film club as its members butt heads and navigate friendship, sexuality and boundaries.",7.4,8,Animation,"based on manga, anime, boys' love (bl)",黄昏アウトフォーカス,/sk1YIuggnboOBXql6dpffAUBYFq.jpg,/8PvRgAPMkm7AxwEnWuppFrUIydP.jpg,3.4524,ja,TV,12,1,https://tasogare-anime.com/,"Yoshitsugu Matsuoka, Yuma Uchida, Soma Saito",,Official Trailer [Subtitled]
36158,Ultraviolet Code 044,Ended,2008-07-01,24,"044 becomes the strongest female soldier excelling in combat through gene manipulation using a virus. However, in exchange for her abilities, her days become numbered.",7.3,3,"Animation, Action & Adventure, Sci-Fi & Fantasy","secret agent, supernatural, agent",ウルトラヴァイオレット：コード044,/kn3hzWSL3HIrrApz0UsXvnZFNHh.jpg,/uYWXroHVYEEkaXjpOKua65yi1Xq.jpg,1.9252,ja,TV,12,1,http://madhouse.co.jp/works/2008-2007/works_tv_uvcode044.html,"Tomokazu Seki, Romi Park",,
127714,Uncle from Another World,Ended,2022-07-06,24,"After being in a coma for 17 years, Takafumi's middle-aged uncle suddenly wakes up speaking an unrecognizable language and wielding magical powers.",7.724,114,"Animation, Comedy, Sci-Fi & Fantasy","magic, affectation, slapstick comedy, parody, based on manga, waking from coma, anime, other world, isekai, otaku, loving",異世界おじさん,/ixYH9Ngm3IcPtK4964jbvB0Czi9.jpg,/piMRImsn3ZQerFmPdAoXgmOpc7R.jpg,5.1564,ja,TV,13,1,https://isekaiojisan.com,"Takehito Koyasu, Jun Fukuyama, Mikako Komatsu",,Official Trailer #2 [Subtitled]
209077,Undead Unluck,Returning Series,2023-10-07,24,"Andy, a Negator with the ability ""Undead,"" has been long in search for someone with the ability to give him a 'real death.' Fuko Izumo brings misfortune to those around her due to her ability ""Unluck."" The two decide to join the Union, an organization which aims to control and protect the world from unidentified phenomena. The two uncover the mystery of the world as they search for the ""greatest death ever.""",8.092,103,"Animation, Comedy, Sci-Fi & Fantasy, Action & Adventure","secret organization, supernatural, based on comic, undead, female protagonist, super power, ecchi, shounen, anime, duo, unlikely romance",アンデッドアンラック,/pJYOYFlu4Vayz5xXJJuP7ViwHnT.jpg,/8uoNGqXeJCBoG2gLOsKW3qUDuaI.jpg,15.3798,ja,TV,24,1,https://undead-unluck.net,"Moe Kahara, Yuichi Nakamura, Natsuki Hanae",,English Dub Official Main Trailer
45213,Usagi Drop,Ended,2011-07-08,23,"By force of circumstances, a 30-year-old single man with a full-time job suddenly starts raising a 6-year-old girl. While running each other ragged, the two of them gradually grow into a ""family"".",8.2,174,"Animation, Drama","adoption, adoptive father, kindergarten, friendship, slice of life, coming of age, based on manga, family, aftercreditsstinger, heart warming, anime, josei, iyashikei",うさぎドロップ,/o1sIk7Bn5aRPoKEAG4qf9eRwD8i.jpg,/kREWBfkeUvDHiYnL9jriXcFV2rd.jpg,4.3505,ja,TV,11,1,http://www.usagi-drop.tv,"Ayu Matsuura, Hiroshi Tsuchida",,bunny drop - Official Trailer
93241,Uzumaki,Ended,2024-09-29,0,"Kirie tries to escape from her town Kurouzu-cho, where the residents get obsessed with spirals due to an unexplained curse.",7.3,110,"Animation, Mystery","dementia, supernatural, miniseries, black and white, based on graphic novel, seinen, anime, psychological, avant garde, horror, spiral",Uzumaki,/xHNtl7bhElOMrtksYnC0z5GRnSO.jpg,/iKfYhpMqcpJgXqciWZOIZRRJDF6.jpg,3.4875,en,TV,4,1,https://www.adultswim.com/videos/uzumaki,"Uki Satake, Shin-ichiro Miki, Mariya Ise",,Official Netflix Trailer [Subtitled]
238903,Vampire Dormitory,Ended,2024-04-07,24,"After Mito loses her parents and is fired from her job, she must fend for herself on the streets disguised as a boy. She comes across a stranger named Ruka and learns his dark secret—he's a vampire! Ruka invites Mito, still in disguise, to live in an all-boys dorm. Mito exchanges her blood for a place to stay, but a budding romance and her true identity threaten all that hangs in the balance.",5.1,9,"Animation, Drama, Sci-Fi & Fantasy","vampire, dormitory, supernatural, romance, school, cross dressing, based on manga, tomboy, lgbt, shoujo, anime",ヴァンパイア男子寮,/y4HvRKul54BSRFBeY5uaA3354Bz.jpg,/wrSbw5nb5ep9tHJvR1qewKk0Iit.jpg,4.8848,ja,TV,12,1,https://www.vampire-dormitory.com,"Kana Ichinose, Shunichi Toki, Yuuichirou Umehara",,
99772,Vampire in the Garden,Ended,2022-05-16,26,A vampire queen and a human girl join forces against all odds in search of “paradise” — a place where humans and vampires peacefully coexist.,7.5,58,"Animation, Drama, Sci-Fi & Fantasy, Action & Adventure","future, vampire, friendship, supernatural, psychic power, female protagonist, anime, girls love",ヴァンパイア・イン・ザ・ガーデン,/cL7AmuHxCwDCu8d3kX93NTEDhdw.jpg,/7Iorh0CtvK85oX96BdP2jXziir5.jpg,2.8946,ja,TV,5,1,https://www.netflix.com/title/80996247,"Megumi Han, Yu Kobayashi, Chiaki Kobayashi",,Trailer [Subtitled]
194774,Vermeil in Gold,Ended,2022-07-05,24,"Rather than take a more sensible approach to salvaging his grades in time for graduation, Alto summons a bit of otherworldly help. Only after does he learn hes bound the legendary she-devil Vermeil into service as his familiar!",7.217,76,"Animation, Comedy, Sci-Fi & Fantasy","love triangle, magic, harem, romance, school, based on manga, demon, succubus, fantasy world, ecchi, shounen, anime, big tits, magic school, familiar",金装のヴェルメイユ~崖っぷち魔術師は最強の厄災と魔法世界を突き進む~,/gozUDZOZZq19vcnnP95eU5MINoa.jpg,/a9Y9xwkrqE4vOK12qfZejZXgDjb.jpg,8.907,ja,TV,12,1,https://vermeilingold.jp,"Yuya Hirose, Maaya Uchida, Wakana Kuramochi",,Official Trailer [Subtitled]
88803,Vinland Saga,Returning Series,2019-07-08,25,"For a thousand years, the Vikings have made quite a name and reputation for themselves as the strongest families with a thirst for violence. Thorfinn, the son of one of the Vikings' greatest warriors, spends his boyhood in a battlefield enhancing his skills in his adventure to redeem his most-desired revenge after his father was murdered.",8.501,764,"Animation, War & Politics, Action & Adventure, Drama","swordplay, vandalism, exploration, vikings (norsemen), revenge, gore, disaster, bromance, pirate, based on manga, massacre, historical, mutilation, norse mythology, seinen, anime, drastic change of life, time skip, vinland, adventure, powerful",ヴィンランド・サガ,/vUHlpA5c1NXkds59reY3HMb4Abs.jpg,/8HM3NtsejczRKDz7agUVFdppicJ.jpg,7.5622,ja,TV,48,2,https://vinlandsaga.jp,"Yuto Uemura, Shunsuke Takeuchi",,Official Dub Trailer
246029,Viral Hit,Ended,2024-04-11,24,"Scrawny high school student Hobin Yu is probably the last guy you'd expect to star in a NewTube channel that revolves around fighting. But after following some advice from a mysterious NewTube channel, Hobin is soon knocking out guys stronger than him and raking in more money than he could have ever dreamed of. Can Hobin keep this up, or will he eventually meet his match?",8.3,15,"Animation, Action & Adventure, Comedy","martial arts, bullying, slapstick comedy, anime, social media influencer, vtuber, streamer, based on webcomic or webtoon, based on manhwa, video",喧嘩独学,/1kZBsmNYgjRxFPBfrFxkQGwS7xX.jpg,/wBnmxSBxaP5VrNFVsZuruERb1Cv.jpg,5.8306,ja,TV,12,1,https://kenkadokugaku.com,"Satoshi Niwa, Nobuhiko Okamoto, Fairouz Ai",,Main Trailer [Subtitled]
244672,Why Does Nobody Remember Me in This World,Ended,2024-07-13,24,"In a world where humans triumphed in a great war, Kai guards sealed crypts containing their enemies. But when “World Rebirth” overwrites history, hes thrust into an alternate reality where humanity lost the war and hes been forgotten by everyone he knows. Now, this lost hero must rise to restore the worlds balance!",6.4,14,"Animation, Sci-Fi & Fantasy, Action & Adventure","romance, battle, anime, another world, war, fantasy, based on light novel, action, adventure",なぜ僕の世界を誰も覚えていないのか？,/vAezbCXT3h5TyWsNoF5CXIc5AhU.jpg,/nxpzuqlmmrbJAAE0tvFHmhXeGjN.jpg,3.441,ja,TV,12,1,https://www.nazeboku.com/,"Shoya Chiba, Kana Ichinose, Haruka Shiraishi",,Official Trailer [Subtitled]
223500,Wind Breaker,Returning Series,2024-04-05,24,"Haruka Sakura wants nothing to do with weaklings—he's only interested in the strongest of the strong. He's just started at Furin High School, a school of degenerates known only for their brawling strength—strength they use to protect their town from anyone who wishes it ill. But Haruka's not interested in being a hero or being part of any sort of team—he just wants to fight his way to the top!",8.017,115,"Animation, Action & Adventure","high school, school, based on manga, teen comedy, yankee, school life, teen drama, anime, furyo, japanese high school, appreciative, compassionate, empathetic, urban adventure, tv",WIND BREAKER,/3kTFL3PAeTyS8gGZAh0iYG6NNjt.jpg,/czrAvoN103RYYX8lhkZPs2zgnkl.jpg,46.7417,ja,TV,25,1,https://wb-anime.net,"Yuma Uchida, Shoya Chiba, Koki Uchiyama",,English Dub Main Trailer
245842,Wistoria Wand and Sword,Returning Series,2024-07-07,24,"In a world where magic reigns, Will Serfort cant cast a spell. Though hardworking, Wills classmates think less of him for it. However, he has a secret strength: his sword. Can Will defy expectations with muscle over magic and blade over wand? Find out in this epic sword-and-sorcery adventure!",7.664,58,"Action & Adventure, Animation","sword, promise, based on manga, dungeon, childhood friends, shounen, anime, dungeons, magic school, fantasy, magic wand, magic circle, adventure, epic fantasy, teen fantasy, ahoge, elemental magic",杖と剣のウィストリア,/gxYKhO0GuPAeCb3llknWu53bYYS.jpg,/7sGeLiMVrD0QyKWjhEbLWmZIj2w.jpg,7.2019,ja,TV,13,2,https://wistoria-anime.com/,"Kohei Amasaki, Akira Sekine, Reiko Suzuki",,Official Trailer 2 [Subtitled]
243141,YATAGARASU The Raven Does Not Choose Its Master,Ended,2024-04-06,25,"Welcome to Yamauchi, a world inhabited by the Yatagarasu, a race of three-legged ravens who shapeshift into humans. The land is divided into four regions—North, South, East, and West—each ruled by a noble family. Yukiya, the son of a leader in the North, is shocked by a call to attend to the Imperial Prince. Murder, mysteries, and an invasion from an unexpected enemy await in this epic fantasy.",8.4,8,"Animation, Drama, Sci-Fi & Fantasy","based on novel or book, anime",烏は主を選ばない,/YEcaV9VcfYF3YYq2JSf6iu6OoW.jpg,/6X2HHGliqqzixzjjbJxj6WICcKK.jpg,4.7118,ja,TV,20,1,https://www.nhk-character.com/karasu/,"Mutsumi Tamura, Miyu Irino, Rina Honnizumi",,Official Trailer [Subtitled]
61441,Yowamushi Pedal,Ended,2013-10-07,24,"Onoda Sakamichi is a rather timid, anime-loving first-year student at Sohoku High School. Upon entering high school, he tried to join the anime research club, but after meeting Imaizumi Shunsuke, a renowned cyclist since middle school, and Naruko Shoukichi, who swept the Kansai cycling championship, he ended up joining the competitive cycling club.",7.027,37,"Comedy, Animation, Drama","training, sports, high school, high school sports, rivalry, slice of life, tournament, bromance, based on manga, cycling, school life, biking, shounen, anime, school club, japanese high school, otaku, spokon, bukatsu",弱虫ペダル,/688PJsb1sVWgosrQCbwT32vJKfI.jpg,/17ie7Zq9eEguE3YJVszKlfCPWPh.jpg,18.3825,ja,TV,137,5,http://yowapeda.com,"Daiki Yamashita, Kohsuke Toriumi, Hiroki Yasumoto",,Yowamushi Pedal Official Trailer
249882,ZENSHU,Ended,2025-01-05,24,"After graduating from high school, Natsuko Hirose starts her career as an animator. Her talent quickly flourishes, and she makes her debut as a director in no time. Her first anime becomes a massive hit, sparking a social phenomenon and earning her recognition as an up-and-coming genius director. Her next project is set to be a romantic comedy movie themed around first love! However, having never been in love herself, Natsuko struggles to understand the concept of first love, and as a result, sh...",8.3,38,"Animation, Drama, Action & Adventure, Sci-Fi & Fantasy","monster, magic, affectation, romance, anime, overwork, isekai, person in a strange world",全修。,/okRnvNLpduDKPUIyZbMxJkeek8D.jpg,/Apy6SEE54GxMbUIYo7Hpo3Dr718.jpg,8.2974,ja,TV,12,1,https://zenshu-anime.com/,"Anna Nagase, Kazuki Ura, Rie Kugimiya",,Official Trailer 3 [Subtitled]
217766,Zom 100 Bucket List of the Dead,Ended,2023-07-09,24,"An overworked 24-year-old finally decides to live a little and create a bucket list, when a zombie outbreak hits the country.",7.5,147,"Animation, Action & Adventure, Comedy, Sci-Fi & Fantasy","supernatural, zombie, based on manga, zombie apocalypse, seinen, anime, bucket list, suspense, horror",ゾン100～ゾンビになるまでにしたい100のこと～,/bTYMgERNC9rVdmxTSzKuex4GWbF.jpg,/90b5d67rcpYfh5aVOwfd9jrbnfL.jpg,7.5189,ja,TV,12,1,https://zom100.com,"Shuichiro Umeda, Tomori Kusunoki, Makoto Furukawa",,Making the OP
127325,exception,Ended,2022-10-13,30,"In a distant future where humans are forced to leave Earth, a spacecraft carrying a 3D-printed crew of specialists is sent to terraform a new planet.",7.1,46,"Animation, Sci-Fi & Fantasy, Mystery","galaxy, supernatural, distant future, anime",exception,/5NnrjWKuHnsgKZMAdXeBOLq6CbW.jpg,/4sMLQ0EdAthgggrg8Rvy1drd4jn.jpg,2.6036,ja,TV,8,1,https://www.netflix.com/title/81002444,"Takahiro Sakurai, Atsumi Tanezaki, Yuhko Kaida",,Opening Credits
100565,86,Ended,2021-04-11,24,"Called “Juggernaut,” these are the unmanned combat drones developed by the Republic of San Magnolia in answer to the attacks by the autonomous unmanned drones of the neighboring Empire of Giad, the “Legion”. But they’re only unmanned in name. In reality, they are piloted by the Eighty-sixers—those considered to be less than human and treated as mere tools. Determined to achieve his own mysterious ends, Shin, the captain of Spearhead Squadron, which is comprised of Eighty-sixers, continues to fig...",8.087,179,"Animation, Action & Adventure, War & Politics, Sci-Fi & Fantasy","based on novel or book, fight, army, racist, tragedy, terrorism, robot, combat, military, discrimination, anime, war, based on light novel",８６―エイティシックス―,/pp2gzafNPiug63UskS2niHK9Y04.jpg,/lSlL2CAPSDJ9gf2MZX0x2u2inKX.jpg,44.4425,ja,TV,23,1,https://anime-86.com,"Ikumi Hasegawa, Shoya Chiba, Natsumi Fujiwara",,86 EIGHTY-SIX - Opening 2 | Kyokaisen
230059,A Sign Of Affection,Ended,2024-01-06,24,"Yuki Itose is just a typical student dealing with the pressures of college. She is struggling one day on the train when an upperclassman named Itsuomi Nagi helps her out. As he gradually opens a new world to her, Yuki develops feelings for Itsuomi. A pure love story begins to grow.",8.0,73,"Animation, Comedy, Drama","deaf, romance, female protagonist, based on manga, sign languages, shoujo, anime",ゆびさきと恋々,/ntgph4kCtxzDsVQIK2gJfrG3PyM.jpg,/oEWiCaRDqmUDRzXNxL9eyA1ofcd.jpg,25.1858,ja,TV,12,1,https://yubisaki-pr.com,"Sumire Morohoshi, Yu Miyazaki, Takeo Otsuka",,Official Trailer [Subtitled]
19544,Afro Samurai,Ended,2007-01-04,25,"In a futuristic Japan where conflicts are settled by the sword, Afro Samurai must avenge his father's murder by challenging a powerful warrior.",7.31,289,"Animation, Action & Adventure, Drama, Sci-Fi & Fantasy","japan, fireworks, anger, anime, 武士阿非：复活, adventure",Afro Samurai,/1wif9a57obZA5N1UujiluoUahkI.jpg,/4MgI4sp5hLdz4ZZ9OieYjHk7y5N.jpg,19.1777,en,TV,5,1,,"Samuel L. Jackson, Phil LaMarr, Yuri Lowenthal",Derek Draper,Afro Samurai Trailer
277665,Anne Shirley,Returning Series,2025-04-05,24,"On the beautiful Prince Edward Island in Canada, an orphan named Anne Shirley is mistakenly sent to Green Gables, the home of Matthew and Marilla Cuthbert. They choose to adopt her anyway, as Anne finds friendship, love, and happiness in her new home. Come along for the story of a purehearted and imaginative girl growing up, leaving for college, and returning home a changed woman.",8.1,14,"Animation, Drama, Family","based on novel or book, canada, adoption, remake, slice of life, coming of age, orphan, anime, overactive imagination, prince edward island, orphan girl",アン・シャーリー,/jRbV0vcG1YsOWZXxdo65OoE4ti9.jpg,/hkn5Ak14LyZf7PeZPXYnSDWCaDO.jpg,32.468,ja,TV,24,1,https://anime-ann-e.jp,"Honoka Inoue, Aya Nakamura, Naoya Miyase",,Official Teaser [Subtitled]
62110,Assassination Classroom,Ended,2015-01-10,24,"The students of Class 3-E have a mission: kill their teacher before graduation. He has already destroyed the moon, and has promised to destroy the Earth if he can not be killed within a year. But how can this class of misfits kill a tentacled monster, capable of reaching Mach 20 speed, who may be the best teacher any of them have ever had?",8.413,1113,"Animation, Comedy, Action & Adventure, Sci-Fi & Fantasy","underdog, assassination, gun, classroom, education, alien, teacher, superhuman, school, based on manga, government agent, school life, shounen, anime",暗殺教室,/wOd98jDHkoWy2LZ4gSy67X1ihv1.jpg,/zkc2FkVymJDNXisS1mgpr8Ip2J.jpg,62.113,ja,TV,47,2,http://www.ansatsu-anime.com,"Jun Fukuyama, Mai Fuchigami, Nobuhiko Okamoto",,Season 1 Opening 1
70886,Atom The Beginning,Ended,2017-04-15,25,"Japan in the near future suffers an unexplained major disaster. Five years later, reconstruction is well underway. Two young researchers at a university are pinning all their hopes on robot development. Now their new interpretation of the eternal hero Astro Boy up until his birth is just about to start!",5.2,9,"Sci-Fi & Fantasy, Animation, Drama","android, prequel, mecha, robot, anime, osamu tezuka, astro boy",アトム ザ・ビギニング,/AiAFZiPnqvDpMq38eU69Gi3AOUe.jpg,/59uNq5BVRnSNgz9SQQZKzXV8muR.jpg,12.1763,ja,TV,12,1,http://atom-tb.com/,"Takuma Terashima, Yuichi Nakamura, Yuki Inoue",,
34121,Baccano,Ended,2007-07-27,25,"During the early 1930s in Chicago, the transcontinental train, Flying Pussyfoot, is starting its legendary journey that will leave a trail of blood all over the country. At the same time in New York, the ambitious scientist Szilard and his unwilling aide Ennis are looking for missing bottles of the immortality elixir. In addition, a war between the mafia groups is getting worse. On board the Advena Avis, in 1711, alchemists are about to learn the price of immortality.",7.727,187,"Comedy, Action & Adventure, Animation, Crime, Mystery","alcohol, based on novel or book, anti hero, paranoia, gangster, black humor, immortality, supernatural, gore, mafia, gunfight, train, period drama, historical, alchemy, seinen, 1920s, anime, based on light novel",バッカーノ！,/qOxUTQAOTrMKTHuC9HQZiVsTK0F.jpg,/1KQYzDvPhe6XDycqmL4jb7QO51d.jpg,8.8694,ja,TV,13,1,http://www.baccano.jp/,"Masaya Onosaka, Sayaka Aoki, Daisuke Sakaguchi",,Trailer - Baccano! [HD]
46195,Bakemonogatari,Returning Series,2009-07-03,25,"Although there are still traces of the brief period he became a vampire, third-year high school student Koyomi Araragi is human again. He happens upon others with their own supernatural problems and finds that he can empathize. Koyomi becomes involved in their lives, seeking to help them and occasionally asking for advice from Meme Oshino, the homeless man who helped him become human again.",8.1,484,"Animation, Comedy, Drama, Mystery","based on novel or book, vampire, supernatural, romance, school, ghost, youkai, japanese mythology, anime, japanese high school, human vampire relationship, based on light novel, admiring",化物語,/zCEjjb1NH3LLsWeZx47wOeqkezf.jpg,/2WBO3C7CjsOTT5wgi9Inn5iQhVv.jpg,122.5041,ja,TV,72,5,http://www.monogatari-series.com/,"Hiroshi Kamiya, Chiwa Saito, Yui Horie",,Bakemonogatari Blu-Ray Trailer
80623,Baki,Ended,2018-06-26,24,"While martial arts champion Baki Hanma trains hard to surpass his legendary father, five violent death row inmates descend upon Tokyo to take him on.",8.112,1325,"Animation, Action & Adventure, Crime, Drama","martial arts, fight, based on manga, underground fighting, warrior, strong, anime, fighting style, original net animation (ona)",バキ,/j4bL0G8h8k49MuXKYfZqhXqk2rI.jpg,/qbxoEhlxNcyr7GjG2SXTShWn32m.jpg,36.912,ja,TV,39,2,http://baki-anime.jp,"Nobunaga Shimazaki, Kenjiro Tsuda, Takehito Koyasu",,Baki | Official Trailer [HD] | Netflix
129600,Baki Hanma,Ended,2021-09-30,24,"To gain the skills he needs to surpass his powerful father, Baki enters Arizona State Prison to take on the notorious inmate known as Mr. Unchained.",8.103,519,"Animation, Action & Adventure, Sci-Fi & Fantasy","fight, based on manga, anime, original net animation (ona)",範馬刃牙,/x145FSI9xJ6UbkxfabUsY2SFbu3.jpg,/7Scw0BdXGWzbDY3tDjKu8WervN2.jpg,32.718,ja,TV,39,2,https://baki-anime.jp/,,,Baki Hanma Season 2 | Official Trailer | Netflix
34109,Bakugan Battle Brawlers,Ended,2007-04-05,25,Centers on the lives of creatures called Bakugan and the battle brawlers who possess them.,8.301,374,"Action & Adventure, Animation, Kids, Sci-Fi & Fantasy","based on toy, anime, parallel universe, based on card game, talking dragon, proxy battle",爆丸バトルブローラーズ,/vptVwP1uej035bHzirMtEMSndn.jpg,/fI3m5UjTMyigglkFeQWkPJgFLSC.jpg,21.7083,ja,TV,189,4,http://www.bakugan.com,"Eri Sendai, Mamiko Noto, Keiji Fujiwara",Mitsuo Hashimoto,Opening 1 | Number One Battle Brawlers! - Psychic Lover [Subtitled]
36041,Bakuman,Ended,2010-10-02,25,"Moritaka Mashiro and Akito Takagi are pretty much foils of each other. Mashiro, an average 9th grade student but talented artist, and Takagi, an overall advanced 9th grader and aspiring writer. After great convincing, Takagi convinces Mashiro to join him in becoming the greatest mangakas Japan has ever seen. Takagi, with his gift of writing, hopes to become a successful mangaka, and Mashiro, with his gift of art, hopes to marry the girl of his dreams, Azuki Miho.",8.1,139,"Animation, Comedy, Drama","slice of life, based on manga, shounen, anime, mangaka, manga artist",バクマン。,/fwch4T5aUDPuJ6zUzkub8prfhtI.jpg,/2tbcQK7H3t1ia3pArvNt4ZXyL7T.jpg,55.5612,ja,TV,75,3,http://www9.nhk.or.jp/anime/bakuman/,"Saori Hayami, Ayako Kawasumi, Ayumi Fujimura",,
80564,Banana Fish,Ended,2018-07-06,23,A teenaged gang leader in New York City faces his abuser and rival gangs alongside a photojournalist from Japan as they investigate a deadly new drug.,8.6,883,"Animation, Drama, Action & Adventure, Mystery, Crime","prison, rape, anti hero, photography, revenge, mafia, conspiracy, tragedy, urban, fugitive, orphan, drugs, anime, classic literature, guns, psychological, suspense, boys' love (bl), foreign, assassins, adventure",BANANA FISH,/d2TW5Rtd0uCasHlQygsDfWCROl2.jpg,/fFA3I1ArhfTZptG1NDkhrFIjrDz.jpg,11.1743,ja,TV,24,1,https://bananafish.tv/,"Yuma Uchida, Kenji Nojima, Unsho Ishizuka",,[Trailer] Banana Fish [Summer 2018]
90937,Beastars,Returning Series,2019-10-10,23,"In a world where beasts of all kinds coexist, a gentle wolf awakens to his own predatory urges as his school deals with a murder within its midst.",8.45,1209,"Animation, Drama, Mystery","black market, based on comic, romance, slice of life, survival, school, anthropomorphism, bromance, questioning, shounen, anime, drama club, psychological, suspense, dramatic, suspenseful, intense, adoring, gay subtext",BEASTARS,/sh9iNWkleOjEHRHj8WPHhmMi8HL.jpg,/11Pfh4yqjKbOgn5vY3AQD9VU4Vc.jpg,40.9619,ja,TV,36,3,https://bst-animation.com,"Chikahiro Kobayashi, Sayaka Senbongi, Yuki Ono",,BEASTARS Season 2 | Official Trailer | Netflix
35935,Berserk,Ended,1997-10-08,23,"Guts, a wandering mercenary, joins the Band of the Hawk after being defeated in a duel by Griffith, the group's leader and founder. Together, they dominate every battle, but something menacing lurks in the shadows.",8.5,683,"Action & Adventure, Sci-Fi & Fantasy, Animation","suffering, mercenary, male friendship, waterfall, supernatural, woods, sword fight, travel, slaughter, gore, survival, torture, corpse, based on manga, massacre, eclipse, demon, middle ages (476-1453), self mutilation, dark fantasy, seinen, anime, horror, gay subtext",剣風伝奇ベルセルク,/zreH0OvbIy9djnV7LOq84UUqTJV.jpg,/yes70ElIny8ULL4jqQq4H7iSgRC.jpg,32.6526,ja,TV,25,1,https://www.vap.co.jp/berserk/tv.html,"Nobutoshi Canna, Toshiyuki Morikawa, Yuko Miyamura",,Complete 1997 Series Blu-ray Trailer
73223,Black Clover,Returning Series,2017-10-03,24,"Asta and Yuno are two orphans who want the same thing: to become the Wizard King. Locked in a friendly rivalry, they work hard towards their goal. While Yuno excels at magic, Asta has a problem uncommon in this world: he has no powers! But, on the day they receive their grimoires, they surprise everyone. To reach their goal, they’ll each find their own path to greatness—with or without magic.",8.497,1974,"Action & Adventure, Animation, Comedy","magic, based on manga, super villain, wizard, shounen, anime, fantasy",ブラッククローバー,/kaMisKeOoTBPxPkbC3OW7Wgt6ON.jpg,/4RzRtLMlTeJvpvvdXDe854VLEG8.jpg,53.1707,ja,TV,170,1,http://bclover.jp,"Gakuto Kajiwara, Nobunaga Shimazaki, Kana Yuuki",,Black Clover Season 1 - Official Trailer
30984,Bleach,Returning Series,2004-10-05,24,"For as long as he can remember, Ichigo Kurosaki has been able to see ghosts. But when he meets Rukia, a Soul Reaper who battles evil spirits known as Hollows, he finds his life is changed forever. Now, with a newfound wealth of spiritual energy, Ichigo discovers his true calling: to protect the living and the dead from evil.",8.4,1961,"Action & Adventure, Animation, Sci-Fi & Fantasy","martial arts, swordplay, sword, training, friendship, supernatural, high school, based on manga, death, blade, fantasy world, shounen, anime, japanese high school, shinigami, parallel universe, supernatural ability, multiple realms, urban fantasy, exciting, adventure, adoring, hopeful, urban adventure, spirits, ghosts, teen fantasy",BLEACH,/7bSQNQuhHeInFMfzMwevfCiqcTm.jpg,/o0NsbcIvsllg6CJX0FBFY8wWbsn.jpg,131.0025,ja,TV,406,2,https://bleach-anime.com,"Masakazu Morita, Fumiko Orikasa, Hiroki Yasumoto",,Opening 15 | Harukakanata - SCANDAL
30984,Bleach Thousand Year Blood War,Returning Series,2004-10-05,24,"For as long as he can remember, Ichigo Kurosaki has been able to see ghosts. But when he meets Rukia, a Soul Reaper who battles evil spirits known as Hollows, he finds his life is changed forever. Now, with a newfound wealth of spiritual energy, Ichigo discovers his true calling: to protect the living and the dead from evil.",8.4,1961,"Action & Adventure, Animation, Sci-Fi & Fantasy","martial arts, swordplay, sword, training, friendship, supernatural, high school, based on manga, death, blade, fantasy world, shounen, anime, japanese high school, shinigami, parallel universe, supernatural ability, multiple realms, urban fantasy, exciting, adventure, adoring, hopeful, urban adventure, spirits, ghosts, teen fantasy",BLEACH,/7bSQNQuhHeInFMfzMwevfCiqcTm.jpg,/o0NsbcIvsllg6CJX0FBFY8wWbsn.jpg,131.0025,ja,TV,406,2,https://bleach-anime.com,"Masakazu Morita, Fumiko Orikasa, Hiroki Yasumoto",,Opening 15 | Harukakanata - SCANDAL
131041,Blue Lock,Ended,2022-10-09,23,High school soccer players from across Japan gather for a controversial project designed to create the best — and most egoistic — striker in the world.,8.2,485,"Animation, Action & Adventure, Drama","world cup, sports, tournament, bromance, football (soccer), based on manga, shounen, anime, special ability, ace striker, excited, gay subtext",ブルーロック,/sTDTy73OYmKY51EK94Mc6AxogzR.jpg,/seMRyWVwIVBWbC9xaMzDMZJ8fUH.jpg,65.79,ja,TV,38,1,https://tv.bluelock-pr.com/,"Kazuki Ura, Tasuku Kaito, Yuki Ono",,Now Streaming | Trailer [Subtitled]
119100,Bocchi The Rock,Returning Series,2022-10-09,24,"Hitori Gotoh, a shy, awkward, and lonely high school student dreams of being in a band despite her doubts and worries, but when she is recruited to be the guitarist of a group looking to make it big, she realises her dream may be able to be fulfilled and come true.",8.43,179,"Animation, Comedy","slice of life, school, female protagonist, based on manga, rock band, girl band, seinen, anime, social anxiety, musical comedy, music, music comedy, musical drama",ぼっち・ざ・ろっく！,/ugNZRg4Dqirjh0p1GhSrRqOi3rb.jpg,/riRJGnbb18zVBEXpov8GJKnBczj.jpg,29.023,ja,TV,12,2,https://bocchi.rocks,"Yoshino Aoyama, Sayumi Suzushiro, Saku Mizuno",,Bocchi's Solo
212963,Buddy Daddies,Ended,2023-01-07,24,Two assassins who never miss their mark must juggle fatherhood with their demanding job when they suddenly find themselves raising a four-year-old girl.,7.962,66,"Animation, Comedy, Action & Adventure, Crime","adoption, espionage, organized crime, mafia, bromance, buddy, anime, time skip, guns, found family, surreal humor, comforting, familiar, gay subtext",Buddy Daddies,/200lUtWr0k0iaDfhuX0fFz8tETR.jpg,/bu3JtuP6kbRaaT5wpBpCUKOrhTY.jpg,24.6869,ja,TV,12,1,https://buddy-animeproject.com/,"Toshiyuki Toyonaga, Koki Uchiyama, Hina Kino",,Official Trailer [Subtitled]
65931,Bungo Stray Dogs,Returning Series,2016-04-07,24,"Stalked by a beastly white tiger, Atsushi Nakajima has no idea that the menace lives inside him—a power that catches the attention of the Armed Detective Agency. Using inhuman abilities to combat crime, this team takes Atsushi under the wing of their most eccentric member, Dazai. Together, they tear through mafia-muddled mysteries while enemies keep an eye on the tiger’s lofty bounty.",8.363,391,"Animation, Comedy, Crime, Mystery, Action & Adventure, Sci-Fi & Fantasy, Drama","detective, literature, supernatural, rivalry, mafia, conspiracy, gang, gunfight, based on manga, fighting, super power, stereotype, seinen, anime, gay subtext",文豪ストレイドッグス,/6AQmGhkYwAqW2OevjXbsh7tZnNO.jpg,/79lc4Rocfnn9RIv1YlHC0jeBsqf.jpg,71.141,ja,TV,60,1,https://bungosd.com,"Mamoru Miyano, Yuto Uemura, Masaaki Mizunaka",,Coming Soon [Dubbed]
213402,Campfire Cooking In Another World With My Absurd Skill,Returning Series,2023-01-11,24,"Tsuyoshi Mukohda, an ordinary salaryman, is suddenly transported to another world one day. The unique skill he gains upon arrival in this world is the seemingly useless ""Online Grocery."" Mukohda is discouraged at first, but the modern foods he's able to bring to his new world using this skill prove to have some unbelievable effects!",8.382,220,"Animation, Action & Adventure, Sci-Fi & Fantasy","cooking, wolf, reincarnation, campfire, fantasy world, gourmet, anime, isekai, fantasy, based on light novel, adventure",とんでもスキルで異世界放浪メシ,/i9dL4Prs5UImh3YpCgN2DbjYoCg.jpg,/4A74F9J4HBQYDcudi1tyb3Mz0zS.jpg,26.1225,ja,TV,13,2,https://tondemoskill-anime.com,"Yuma Uchida, Satoshi Hino, Hina Kino",,Making MAPPA's Campfire Cooking in Another World with My Absurd Skill - Sound Design [Subtitled]
25707,Captain Tsubasa,Ended,1983-10-13,24,"Tsubasa Ozora loves playing football since he was a little child. After moving to the japanese town of Nankatsu together with his mother, the 11-year-old boy quickly finds friends and joins the local football team of his elementary school. Together with his newly made friends and Brazilian mentor Roberto, Tsubasa starts his exciting journey to chase after his most desired dream - one day winning the FIFA World Cup.",7.8,794,"Comedy, Drama, Animation","football (soccer), based on manga, anime, prodigy, sports competition, childhood rivals",キャプテン翼,/wXoaJS4N1aG6dY4vipxyvJ5g4pZ.jpg,/8Jk9sKUx3wnkvsr5pfxfMkdz1zB.jpg,72.7293,ja,TV,128,5,,"Akari Hibino, Fujiko Takimoto, Reiko Suzuki",,
114410,Chainsaw Man,Ended,2022-10-12,24,"Denji has a simple dream—to live a happy and peaceful life, spending time with a girl he likes. This is a far cry from reality, however, as Denji is forced by the yakuza into killing devils in order to pay off his crushing debts. Using his pet devil Pochita as a weapon, he is ready to do anything for a bit of cash.",8.536,1837,"Animation, Action & Adventure, Sci-Fi & Fantasy","secret organization, chain saw, supernatural, gore, chainsaw, based on manga, cruelty, devil, demon, combat, shounen, anime, terror, fantasy",チェンソーマン,/npdB6eFzizki0WaZ1OvKcJrWe97.jpg,/5DUMPBSnHOZsbBv81GFXZXvDpo6.jpg,24.2123,ja,TV,12,1,https://chainsawman.dog/,"Kikunosuke Toya, Tomori Kusunoki, Shogo Sakata",,Main Trailer [Subtitled]
45247,Chihayafuru,Ended,2011-10-05,23,"Chihaya Ayase has spent most of her life supporting her sister’s model career. When she meets a boy named Arata Wataya, he thinks Chihaya has potential to become a great karuta player. As Chihaya dreams of becoming Japan's best karuta player, she is soon separated from her karuta playing friends. Now in high school, Chihaya still plays karuta in the hope that she will one day meet her friends again.",7.7,53,"Animation, Drama","competition, card game, strong woman, training, high school, growing up, romance, slice of life, unrequited love, coming of age, female protagonist, based on manga, high school student, old friends, friends in love, anime, school club, karuta, prodigy, josei, japanese high school, bukatsu",ちはやふる,/x1yYnCaK8gLnLgQSnd9IGoapHbx.jpg,/e1R4kNrWvSfb8AVViMp0okVJfuk.jpg,13.0695,ja,TV,74,3,http://www.ntv.co.jp/chihayafuru/,"Asami Seto, Mamoru Miyano, Yoshimasa Hosoya",,Official Trailer
67154,Chivalry Of A Failed Knight,Ended,2015-10-03,24,"Magic Knights are modern magic-users who fight with weapons converted from their souls. Ikki Kurogane goes to a school for these Magic Knights, but he is the ""Failed Knight"" or ""Worst One"" who is failing because he has no magical skills. However, one day, he is challenged to a duel by Stella, a foreign princess and the ""Number One"" student. In this duel, ""the loser must be obedient for life.""",7.0,131,"Animation, Sci-Fi & Fantasy, Action & Adventure","based on novel or book, swordplay, ecchi, anime, academy, big tits, magic school, fantasy, based on light novel",落第騎士の英雄譚,/nEeLLbhlKRLC98dK6HUow7p4dNL.jpg,/wf7HeTRRa9SOQ8up5EJZeOKseLO.jpg,22.3358,ja,TV,12,1,http://www.ittoshura.com/,"Ryota Osaka, Shizuka Ishigami, Nao Toyama",Shin Oonuma,Chivalry of a Failed Knight Official Trailer
72517,Classroom Of The Elite,Returning Series,2017-07-12,24,"When Kiyotaka enters an elite government-sponsored high school, he finds out just how merit-based this education system is.",8.5,705,Animation,"delinquent, bullying, survival, school, anime, mind games, psychological, tsundere, battle royale, suspense, based on light novel",ようこそ実力至上主義の教室へ,/yuHanbUUIv2UWRxxQFt9n8jtmOJ.jpg,/c2sl2dLlyFFeb18pJtOpBD8cidr.jpg,47.6223,ja,TV,39,4,http://you-zitsu.com,"Shoya Chiba, Akari Kito, Ayana Taketatsu",,Complete Series Trailer
34791,Claymore,Ended,2007-04-03,23,"When a shapeshifting demon with a thirst for human flesh, known as ""youma,"" arrives in Raki's village, a lone woman with silver eyes walks into town with only a sword upon her back. She is a ""Claymore,"" a being manufactured as half-human and half-youma, for the express purpose of exterminating these monsters. After Raki's family is killed, the Claymore saves his life, but he is subsequently banished from his home. With nowhere else to go, Raki finds the Claymore, known as Clare, and decides to f...",8.135,325,"Action & Adventure, Animation, Drama, Sci-Fi & Fantasy","based on manga, demon, dark fantasy, anime, adventure",クレイモア,/rQt8X4kjBxah0laGwUVJISf1086.jpg,/9345bFQXPCyIJLQemkpI5zFJCOp.jpg,6.3999,ja,TV,26,1,https://mv.avex.jp/claymore/,"Houko Kuwashima, Motoki Takagi",,Claymore - Trailer
255107,Code Geass,Ended,2024-06-21,24,"Year Seven of the Kowa Period, in the former Hokkaido Block, live brothers known as the Nameless Mercenaries. The Emperor, Callis al Britannia, tries to plunge the world into chaos with the help of his servant, Norland, and his Einberg Knights. Rozé and Ash take action from the Northern lands.",8.0,21,"Animation, Action & Adventure, Sci-Fi & Fantasy","mecha, anime, real robot, based on anime, original net animation (ona)",コードギアス 奪還のロゼ,/jQRG3lI42IaJNr23jFeO6FSXmoE.jpg,/pSdmUGsfocf4gTyD5auC4Ccz25l.jpg,23.0339,ja,TV,12,1,https://geass.jp/roze/,"Kohei Amasaki, Makoto Furukawa, Reina Ueda",Yoshimitsu Ohashi,Code Geass: Rozé of the Recapture | Official Trailer | Disney+ Singapore
30991,Cowboy Bebop,Ended,1998-04-03,25,"In 2071, roughly fifty years after an accident with a hyperspace gateway made the Earth almost uninhabitable, humanity has colonized most of the rocky planets and moons of the Solar System. Amid a rising crime rate, the Inter Solar System Police (ISSP) set up a legalized contract system, in which registered bounty hunters, also referred to as ""Cowboys"", chase criminals and bring them in alive in return for a reward.",8.5,1755,"Animation, Action & Adventure, Sci-Fi & Fantasy, Western","philosophy, bounty hunter, jazz, anti hero, blues, future, space, space western, dark past, crime syndicate, neo-noir, anime, spaceship, ambiguity, casual, western, space kowboy, vibrant",カウボーイビバップ,/xDiXDfZwC6XYC6fxHI1jl3A3Ill.jpg,/A4PHx94G7mvM3b8vsDJ5HEaQ6uv.jpg,55.1415,ja,TV,26,1,http://www.cowboy-bebop.net,"Koichi Yamadera, Unsho Ishizuka, Megumi Hayashibara",,Cowboy Bebop - The Complete Series - 25th Anniversary Limited Edition | In-Stock Now!
105248,Cyberpunk Edgerunners,Returning Series,2022-09-13,25,"In a dystopia riddled with corruption and cybernetic implants, a talented but reckless street kid strives to become a mercenary outlaw — an edgerunner.",8.477,1531,"Animation, Action & Adventure, Drama, Sci-Fi & Fantasy","technology, mercenary, dystopia, anthology, conspiracy, cyberpunk, based on video game, futuristic society, anime, original net animation (ona)",サイバーパンク: エッジランナーズ,/lqcDVZ8pyk08AVftMBildDR3QUK.jpg,/6N7hSnmZkEXszld37sSeG4CSIdR.jpg,30.0506,ja,TV,10,2,https://www.cyberpunk.net/en/edgerunners,KENN,,Masahiko Otsuka Interview [Subtitled]
31718,Darker Than Black,Ended,2007-04-06,25,"Ten years ago, a mysterious spatial anomaly now known as ""Heaven's Gate"" appeared in South America, shortly followed by the opening of ""Hell's Gate"" in Tokyo altering the sky and wreaking havoc on the landscape. The real stars disappeared, replaced by false stars. During this time, people possessing various special abilities — called ""Contractors"" — emerged, each capable of different supernatural feats. Following the disastrous Heaven's War, the United States lost its dominant position as a supe...",7.603,234,"Animation, Action & Adventure, Sci-Fi & Fantasy, Mystery","assassin, conspiracy, paranormal phenomena, spirit, psychic, super power, dark past, seinen, anime",-黒の契約者-,/jt38E29eSAAlabamcs5pwgyY8ee.jpg,/aigj0UYSAdi5HxE1SA4YuTtQeIl.jpg,35.0233,ja,TV,37,2,http://www.d-black.net/,"Hidenobu Kiuchi, Kiyomi Asai, Ikuya Sawaki",,Darker than Black trailer
46004,Date A Live,Ended,2013-04-06,24,"Thirty years ago a strange phenomenon called a ""spacequake"" devastated the center of Eurasia, claiming the lives of at least 150 million people. Since then, smaller spacequakes plague the world on an irregular basis. Shido Itsuka, a seemingly ordinary high schooler comes across a mysterious girl at the ground zero of a spacequake and learns she is one of the ""Spirits"" who are the real cause of the spacequakes that occur when they manifest themselves in the world. He is recruited to make use of h...",8.4,462,"Animation, Sci-Fi & Fantasy, Comedy, Action & Adventure","harem, romance, mecha, super power, ecchi, anime, japanese high school, fantasy, based on light novel, enthusiastic",デート・ア・ライブ,/kD1Gu7dcELnUUnm3eMxZuG6jKtA.jpg,/lyam6zw2aNwSM6h6sn0wTLgygj6.jpg,43.8476,ja,TV,58,5,http://date-a-live-anime.com/,"Nobunaga Shimazaki, Marina Inoue, Misuzu Togashi",,S3 Opening | I Swear - sweet ARMS
13916,Death Note,Ended,2006-10-04,22,"Light Yagami is an ace student with great prospects—and he’s bored out of his mind. But all that changes when he finds the Death Note, a notebook dropped by a rogue Shinigami death god. Any human whose name is written in the notebook dies, and Light has vowed to use the power of the Death Note to rid the world of evil. But will Light succeed in his noble goal, or will the Death Note turn him into the very thing he fights against?",8.6,4437,"Animation, Mystery, Sci-Fi & Fantasy","detective, journalism, secret identity, police, supernatural, sociopath, rivalry, murder, serial killer, grim reaper, psychological thriller, based on manga, justice, death, shounen, anime, shinigami, time skip, magic book, psychological, fantastic, prosocial psychopath, horror",DEATH NOTE,/tCZFfYTIwrR7n94J6G14Y4hAFU6.jpg,/koBa94NxTaGe2FoDzlXMuJptsv0.jpg,52.2438,ja,TV,37,1,http://www.ntv.co.jp/deathnote/,"Mamoru Miyano, Shido Nakamura, Aya Hirano",,Official Trailer
207784,Delicious In Dungeon,Returning Series,2024-01-04,26,"Dungeons, dragons... and delicious monster stew!? Adventurers foray into a cursed buried kingdom to save their friend, cooking up a storm along the way.",8.529,241,"Animation, Comedy, Action & Adventure, Sci-Fi & Fantasy","monster, cooking, based on manga, dungeon, fantasy world, seinen, gourmet, anime, gastronomy, dreary, adventure",ダンジョン飯,/9t3DYdGxK3i4WRzKvIZwJd4kBnr.jpg,/xC5GyeIzLsSRizJE5LedGShNgBa.jpg,31.3436,ja,TV,24,2,https://delicious-in-dungeon.com,"Kentaro Kumagai, Sayaka Senbongi, Asuna Tomari",,Official Trailer #2 [Subtitled]
85937,Demon Slayer Kimetsu No Yaiba,Ended,2019-04-06,0,"It is the Taisho Period in Japan. Tanjiro, a kindhearted boy who sells charcoal for a living, finds his family slaughtered by a demon. To make matters worse, his younger sister Nezuko, the sole survivor, has been transformed into a demon herself. Though devastated by this grim reality, Tanjiro resolves to become a “demon slayer” so that he can turn his sister back into a human, and kill the demon that massacred his family.",8.647,6753,"Animation, Action & Adventure, Sci-Fi & Fantasy","sibling relationship, swordplay, sword, magic, training, supernatural, undead, tragedy, coming of age, based on manga, demon, mutilation, dark fantasy, demon hunter, anachronism, shounen, breathing, anime, complex, time skip, taisho, demon slayer, lighthearted, lacrimation, compassionate",鬼滅の刃,/xUfRZu2mi8jH6SzQEJGP6tjBuYj.jpg,/3GQKYh6Trm8pxd2AypovoYQf4Ay.jpg,33.3198,ja,TV,63,5,https://kimetsu.com/anime,"Natsuki Hanae, Akari Kito, Hiro Shimono",,Promotion Reel 2023
235930,Devil May Cry,Returning Series,2025-04-03,0,"When a mysterious villain threatens to open the gates of Hell, a devilishly handsome demon hunter could be the world's best hope for salvation.",8.055,211,"Animation, Action & Adventure, Sci-Fi & Fantasy","based on video game, adult animation, zealot, demon hunter, anime, paramilitary organization",Devil May Cry,/mX9tqfpjqwreONJHhap7SnSSowe.jpg,/nLyXXIDMpDHvUgxchezxuhoJ4Ej.jpg,30.2622,en,TV,8,2,https://www.netflix.com/title/81506915,,,Sneak Peek: Mercenary Cleanup
75208,Devilman Crybaby,Ended,2018-01-05,25,"Akira Fudo learns from his best friend Ryo Asuka that demons will revive and reclaim the world from humans. With humans hopeless against this threat, Ryo suggests combining with a demon. With this, Akira becomes Devilman, a being with the power of demon but with a human heart.",7.799,649,"Animation, Action & Adventure, Sci-Fi & Fantasy","angel, philosophy, rape, shapeshifting, anti hero, bisexuality, politics, god, satan, gore, tragedy, miniseries, public sex, bromance, based on manga, demon, masturbation, adult animation, anime, cosmic horror, gay theme, meta, war, body horror, urban fantasy, horror, gay subtext",DEVILMAN crybaby,/2pQ9xfgDa3L3QpoXfkNhISby2R4.jpg,/wuUZxHcyQdx3EurPX0CjD8FgbHG.jpg,26.6618,ja,TV,10,1,https://devilman-crybaby.com,"Koki Uchiyama, Ayumu Murase, Megumi Han",,Opening | MAN HUMAN - DENKI GROOVE
236132,Dororo,Ended,1991-04-08,0,Komachi is a little ghost who died during the Meiji Era and has hung around earth as a wandering spirit girl for over a hundred years. Komachi appears in the room of a young girl named Anko and the two get wrapped up in all sorts of adventures involving other ghosts and demons.,0.0,0,"Animation, Comedy",,どろろんぱっ,/adaCjUiYjmzLkiYA28bg9jVJcdO.jpg,,55.1309,ja,TV,114,1,,"Fuyumi Shiraishi, Yuriko Fuchizaki, Tamao Hayashi",Tetsuo Yasumi,
86031,Dr Stone,Returning Series,2019-07-05,24,"Awakened into a world where humanity has been petrified, scientific genius Senku and his brawny friend Taiju use their skills to rebuild civilization.",8.6,1536,"Animation, Action & Adventure, Comedy, Sci-Fi & Fantasy","post-apocalyptic future, survival, disaster, based on manga, educational, environmentalism, lost civilization, shounen, anime, crafting, man vs nature, petrification, war, adventure",Dr.STONE,/64DIVpWiGlvvJczMnyu8jojSYKm.jpg,/lN13BPAEnc5iXmoxxBQHOZ1ScfZ.jpg,15.3029,ja,TV,73,4,https://dr-stone.jp,"Yusuke Kobayashi, Makoto Furukawa, Kana Ichinose",,Dr. STONE Behind the Scenes | OFFICIAL TRAILER
12971,Dragon Ball,Ended,1989-04-26,26,"Now happily married and with a son, martial arts champion Goku must defend Earth from a series of extraterrestrial invaders bent on destruction.",8.349,4617,"Animation, Sci-Fi & Fantasy, Action & Adventure","competition, cyborg, martial arts, android, friendship, sequel, alien, end of the world, anthropomorphism, tournament, dragon, based on manga, fighting, combat, super power, shocking, shounen, anime, time skip, fantasy, joyous, adventure",ドラゴンボールゼット,/i1lMlxir5E4jyeLlqS2bK1Cn3Tt.jpg,/ydf1CeiBLfdxiyNTpskM0802TKl.jpg,137.171,ja,TV,291,9,http://www.dragonballz.com,"Masako Nozawa, Ryo Horikawa, Toshio Furukawa",,Opening 2 | WE GOTTA POWER - Hironobu Kageyama [35mm Film Scan]
236994,Dragon Ball Daima,Ended,2024-10-11,24,"Mysteriously transformed into mini versions of themselves, Goku and his friends travel to the Demon Realm to uncover the truth and find a cure.",8.197,502,"Animation, Action & Adventure, Comedy, Sci-Fi & Fantasy","martial arts, magic, superhero, based on manga, fighting, demon, super power, supervillain, shounen, anime, optimistic",ドラゴンボールDAIMA,/8tpLyWAmYhe1D0d62gV3CWFDu2f.jpg,/oUmWLyeko3kYdUr8DBLIsxwcugl.jpg,43.9636,ja,TV,20,1,https://dragonballdaima.com,,,Toonami Promo
62715,Dragon Ball Super,Ended,2015-07-05,24,"With Majin Buu defeated half-a-year prior, peace returns to Earth, where Son Goku (now a radish farmer) and his friends now live peaceful lives. However, a new threat appears in the form of Beerus, the God of Destruction. Considered the most terrifying being in the entire universe, Beerus is eager to fight the legendary warrior seen in a prophecy foretold decades ago known as the Super Saiyan God. The series retells the events from the two Dragon Ball Z films, Battle of Gods and Resurrection 'F'...",8.181,5079,"Animation, Action & Adventure, Sci-Fi & Fantasy","martial arts, time travel, god, space, alien, tournament, battle, fighting, shounen, anime, adventure",ドラゴンボール超（スーパー）,/qEUrbXJ2qt4Rg84Btlx4STOhgte.jpg,/qA2UwUQbj05aeBMCuC0mHSQ4loE.jpg,50.0063,ja,TV,131,1,http://www.toei-anim.co.jp/tv/dragon_s,"Masako Nozawa, Ryo Horikawa, Hiromi Tsuru",,Dragon Ball Super - Trailer (Official) • Now Streaming on Hulu
61709,Dragon Ball Z Kai,Ended,2009-04-05,26,"Rejoin Goku and his friends in a series of cosmic battles! Toei has redubbed, recut, and cleaned up the animation of the original 1989 animated series. The show's story arc has been refined to better follow the comic book series on which it is based. The show also features a new opening and ending. In the series, martial artist Goku, and his various friends, battle increasingly powerful enemies to defend the world against evil. Can Earth's defender defeat demons, aliens, and other villains?",7.5,779,"Sci-Fi & Fantasy, Animation, Action & Adventure, Comedy","japan, cyborg, martial arts, android, friendship, alien, end of the world, tournament, based on manga, fighting, combat, super power, edited from tv series, shounen, anime, adventure",ドラゴンボール改「カイ」,/je57jXdeWeJO9tGoWSJi4MCuXbN.jpg,/oz5zbMBKCUsb7hsbjdxvK8yagPD.jpg,48.0721,ja,TV,158,6,http://www.toei-anim.co.jp/tv/dragon_kai/,"Masako Nozawa, Joji Yanami, Mayumi Tanaka",Yasuhiro Nowatari,Nicktoons - Behind The Scenes Promo (HQ)
65249,Erased,Ended,2016-01-08,25,"Satoru Fujinuma is a struggling manga artist who has the ability to turn back time and prevent deaths. When his mother is killed he turns back time to solve the mystery, but ends up back in elementary school, just before the disappearance of his classmate Kayo.",8.483,1146,"Animation, Drama, Mystery","child abuse, detective, assassin, time travel, supernatural, elementary school, murder, dysfunctional family, serial killer, based on manga, framed for murder, school life, angst, seinen, anime, drastic change of life, abusive mother, butterfly effect, desperate, malicious, time skip, anxious, psychological, inspirational, suspense, dramatic, critical, sentimental, admiring, amused, compassionate, empathetic, sympathetic, tragic",僕だけがいない街,/EljUwZJhpuYfVuSfqY8Pt1xxpH.jpg,/dFQOWyByjBqfQoKDcPamLQ04ADH.jpg,27.6459,ja,TV,12,1,https://bokumachi-anime.com,"Shinnosuke Mitsushima, Tao Tsuchiya, Minami Takayama",,Opening | Re:Re - ASIAN KUNG-FU GENERATION
1097,Ergo Proxy,Ended,2006-02-25,25,"In a futuristic world almost barren of life, mankind is confined to mechanized domed cities where A.I.’s control all aspects of life. In this world, humans are no longer born, they are manufactured in a production line; and alongside them live androids known as autoreivs. Within one of these domed sanctuaries named Romdeau lives Re-l Mayer, one of a few citizens who aren’t entirely prevented from thinking. Her grandfather's prominent position and the affection of the scientist Daedalus have left...",7.626,357,"Animation, Sci-Fi & Fantasy, Mystery","artificial intelligence (a.i.), android, europe, amnesia, greek mythology, future, post-apocalyptic future, dystopia, mecha, conspiracy, cyberpunk, gunfight, ecology, gunfighter, existentialism, angst, seinen, neo-noir, anime, philosophical, psychological, suspense",Ergo Proxy,/tHcce6PKnhNBneSMbadI4jynHpY.jpg,/pocqO2L8PW9xh1oA7ZG3iXh62FL.jpg,10.7951,ja,TV,23,1,,"Rie Saitou, Koji Yusa, Akiko Yajima",,Ergo Proxy: The Complete Series – Coming Soon on Blu-ray
46261,Fairy Tail,Ended,2009-10-12,25,"Lucy is a 17-year-old girl, who wants to be a full-fledged mage. One day when visiting Harujion Town, she meets Natsu, a young man who gets sick easily by any type of transportation. But Natsu isn't just any ordinary kid, he's a member of one of the world's most infamous mage guilds: Fairy Tail.",7.9,978,"Animation, Action & Adventure, Comedy, Mystery, Sci-Fi & Fantasy","magic, anthropomorphism, dragon, based on manga, wizard, ecchi, shounen, anime, time skip, fantasy, adventure",FAIRY TAIL,/iuRJ2QRRNMIu2VdEIuLIaJvt1PZ.jpg,/hVZMddU7kgbL1NSgzNVMmf8VvPz.jpg,13.4949,ja,TV,328,8,http://www.tv-tokyo.co.jp/anime/fairytail/,"Tetsuya Kakihara, Aya Hirano, Rie Kugimiya",,FAIRY TAIL Final Series
61415,Fate Stay Night Unlimited Blade Works,Ended,2014-10-12,24,"This story focuses primarily on the heroine Rin Tohsaka. After her father’s death, Rin enters the Holy Grail War as the sole heir to the prestigious Tohsaka Household, with her servant Archer. But, she soon finds out that Shirou Emiya, a boy from her high school has gotten himself involved in the battles and unexpectedly saves him when he is fatally injured. Before long, Rin sets out to strike down the conspiracies surrounding the Holy Grail War along with Shirou and his summoned servant Saber. ...",7.994,330,"Action & Adventure, Animation, Drama, Sci-Fi & Fantasy","holy grail, mythology, magic, supernatural, battle, alternate version, based on video game, anime, based on visual novel, japanese high school, fantasy, death game",Fate/stay night [Unlimited Blade Works],/jyqi5BkDoKKIA2WAoz3HBtRHld3.jpg,/uqOcBHNHsmYPePmrvYhjraRxLdJ.jpg,30.962,ja,TV,25,2,https://www.fate-sn.com/ubw/,"Noriaki Sugiyama, Kana Ueda, Junichi Suwabe",,Trailer 3 [Subtitled]
45845,Fate Zero,Ended,2011-10-02,25,"In the Holy Grail War, seven magi chosen by the Holy Grail itself must summon seven Heroic Spirits to compete for the omnipotent Grail, a magical device that grants the victor any wish they desire. After three inconclusive wars, the fuse has now been lit once again for the fourth time.",8.028,337,"Action & Adventure, Animation, Sci-Fi & Fantasy","holy grail, assassin, fight, anti hero, magic, prequel, king arthur, epic battle, anime, fantasy, based on light novel",Fate/Zero,/hfTEDISVpFMqmp6uOGylsSakyXZ.jpg,/ij86kCAHM0B6EP75so3UscZVWIo.jpg,43.2394,ja,TV,25,2,http://www.fate-zero.jp/,"Rikiya Koyama, Ayako Kawasumi, Akio Otsuka",,Fate/Zero Trailer 3
42705,Fighting Spirit,Ended,2000-10-03,24,"Makunouchi Ippo is an ordinary high school student in Japan. Since he spends most of his time away from school helping his mother run the family business, he doesn't get to enjoy his younger years like most teenagers. Always a target for bullying at school (the family fishing business grants him a distinct odor), Ippo's life is one of hardship. One of these after-school bullying sessions turns Ippo's life around for the better, as he is saved by a boxer named Takamura. He decides to follow in Ta...",8.7,1126,"Animation, Comedy, Drama, Action & Adventure","rags to riches, friendship, sports, tournament, based on manga, championship, combat sports, comradeship, shounen, boxing, anime, inspirational",はじめの一歩,/1LApB9C9kEkh2ZU2vzAhurNDipl.jpg,/2w8FaLwwJTWr6ExUMeVgT2Th5YT.jpg,22.9161,ja,TV,126,3,http://www.vap.co.jp/ippo3/,"Kohei Kiyasu, Rikiya Koyama, Wataru Takagi",Tatsuhiko Urahata,Hajime no Ippo: The Fighting! Blu-ray Opening (Fighting Spirit)
88046,Fire Force,Returning Series,2019-07-05,24,"Year 198 of the Solar Era in Tokyo, special fire brigades are fighting against a phenomenon called spontaneous human combustion where humans beings are turned into living infernos called ""Infernals"". While the Infernals are first generation cases of spontaneous human combustion, later generations possess the ability to manipulate flames while retaining human form. Shinra Kusakabe, a youth who gained the nickname Devil's Footprints for his ability to ignite his feet at will, joins the Special Fir...",8.372,561,"Animation, Action & Adventure, Sci-Fi & Fantasy, Comedy","secret organization, post-apocalyptic future, supernatural, based on comic, conspiracy, terrorism, super power, firefighter, shounen, anime, corrupt church, fantasy, adoring",炎炎ノ消防隊,/Alx1QJZeiweoM0ZVSnJ7PnuqPQx.jpg,/zDXuwmqkTi2lGM4AyloAAX4v51P.jpg,18.7376,ja,TV,61,3,https://fireforce-anime.jp,"Gakuto Kajiwara, Yusuke Kobayashi, Saeko Kamijo",,Fire Force | OFFICIAL PREVIEW
130728,Fist Of The North Star,Ended,2013-04-03,24,"In this special project commemorating the 30th anniversary of Hokuto no Ken, the apocalypse never happened — and now the legendary warriors must find a new way to survive: by working together in modern-day Japan.",7.0,1,"Animation, Comedy","parody, based on manga, anime, chibi",DD北斗の拳,/8Lv6YKpP12AUalXkBzJb7Mg2sRd.jpg,/pk6KucyhLpvGnyd3Lkp7tNx9Y2b.jpg,20.5978,ja,TV,62,2,,"Shinnosuke Tachibana, Kazuya Ichijo, Tomokazu Seki",,
62273,Food Wars,Ended,2015-04-04,24,"Yukihira Souma's dream is to become a full-time chef in his father's restaurant and surpass his father's culinary skill. But just as Yukihira graduates from middle schools his father, Yukihira Jouichirou, closes down the restaurant to travel and cook around the world. Although downtrodden, Souma's fighting spirit is rekindled by a challenge from Jouichirou which is to survive in an elite culinary school where only 10% of the students graduate. Can Souma survive?",8.451,752,"Animation, Comedy, Drama","cooking, rivalry, based on manga, school life, ecchi, shounen, gourmet, anime, cooking competition",食戟のソーマ,/drteIrKPh0qaTYitGkxAOKoidsR.jpg,/bx5aQGsWOYfvNhVGmuLD0ztGqX3.jpg,36.3929,ja,TV,86,5,http://shokugekinosoma.com/,"Yoshitsugu Matsuoka, Ai Kayano, Maaya Uchida",,All Food Wars! Openings
209867,Frieren Beyond Journeys End,Returning Series,2023-09-29,25,"Decades after her party defeated the Demon King, an old friend's funeral launches the elf wizard Frieren on a journey of self-discovery.",8.776,472,"Animation, Action & Adventure, Drama, Sci-Fi & Fantasy","elves, magic, immortality, friendship, slice of life, female protagonist, based on manga, combat, medieval, fantasy world, shounen, anime, immortal, memories, mage, trip, fantasy, existential, passing of time, intense, adventure, compassionate",葬送のフリーレン,/dqZENchTd7lp5zht7BdlqM7RBhD.jpg,/96RT2A47UdzWlUfvIERFyBsLhL2.jpg,54.5317,ja,TV,28,2,https://frieren-anime.jp/,"Atsumi Tanezaki, Kana Ichinose, Chiaki Kobayashi",,Official Netflix Trailer [Subtitled]
53052,From The New World,Ended,2012-09-29,25,"Born into a world 1000 years in our future, Saki and her friends live in utopia. Not only is their idyllic community overflowing with resources, but technology is obsolete, thanks to a magical power that grants the ability to materialize anything. However, when Saki discovers a lost artifact, the facade is shattered! Faced with a startling truth about their town, Saki and her companions face dangers they never knew existed, and their choices may change the fate of everyone.",7.8,105,"Animation, Sci-Fi & Fantasy","love triangle, based on novel or book, slavery, dystopia, cult, coming of age, school, religion, female protagonist, animals, childhood friends, time skip, gay theme, psychological, war, suspense, horror",新世界より,/ywghUXAMWJ2uY43bPUgRCPnusJF.jpg,/xuBJ149u5JBaguceowuEf0so1y8.jpg,30.7676,ja,TV,25,1,http://www.tv-asahi.co.jp/shinsekaiyori/,"Risa Taneda, Yuki Kaji, Aya Endo",,2012 - From The New World / Shinsekai Yori trailer - English sub-title
31911,Fullmetal Alchemist,Ended,2009-04-05,25,"Disregard for alchemy’s laws ripped half of Edward Elric’s limbs from his body and left his brother Alphonse’s soul clinging to a suit of armor. To restore what was lost, the brothers seek the Philosopher’s Stone. Enemies and allies – the corrupt military, the Homunculi, and foreign alchemists – will alter the Elric brothers course, but their purpose will remain unchanged and their bond unbreakable.",8.7,2216,"Action & Adventure, Animation, Sci-Fi & Fantasy, Comedy","politics, supernatural, remake, steampunk, conspiracy, based on manga, alchemy, alchemist, shounen, anime, fantasy, adventure, homunculi",鋼の錬金術師 FULLMETAL ALCHEMIST,/5ZFUEOULaVml7pQuXxhpR2SmVUw.jpg,/A6tMQAo6t6eRFCPhsrShmxZLqFB.jpg,28.0701,ja,TV,64,1,http://www.hagaren.jp/fa/,"Romi Park, Rie Kugimiya, Shin-ichiro Miki",,
31911,Fullmetal Alchemist Brotherhood,Ended,2009-04-05,25,"Disregard for alchemy’s laws ripped half of Edward Elric’s limbs from his body and left his brother Alphonse’s soul clinging to a suit of armor. To restore what was lost, the brothers seek the Philosopher’s Stone. Enemies and allies – the corrupt military, the Homunculi, and foreign alchemists – will alter the Elric brothers course, but their purpose will remain unchanged and their bond unbreakable.",8.7,2216,"Action & Adventure, Animation, Sci-Fi & Fantasy, Comedy","politics, supernatural, remake, steampunk, conspiracy, based on manga, alchemy, alchemist, shounen, anime, fantasy, adventure, homunculi",鋼の錬金術師 FULLMETAL ALCHEMIST,/5ZFUEOULaVml7pQuXxhpR2SmVUw.jpg,/A6tMQAo6t6eRFCPhsrShmxZLqFB.jpg,28.0701,ja,TV,64,1,http://www.hagaren.jp/fa/,"Romi Park, Rie Kugimiya, Shin-ichiro Miki",,
256721,Gachiakuta,Returning Series,2025-07-06,24,"In a floating city where the rich discard their waste—and people—Rudo is framed for murder and thrown into the Pit, where a hellscape of mutated garbage beasts dwell. To survive, he must wield a new power and join the rogue Cleaners. Rudo doesn’t just aim to battle monsters, but the corrupt who cast him into Hell.",9.542,24,"Animation, Action & Adventure, Drama, Sci-Fi & Fantasy","dystopia, based on comic, survival, shounen, anime",ガチアクタ,/oU2SBv5VQCdOHfw3Aw8B0UeAsim.jpg,/mrapJp0qb6Fvo3IW9IrjCK9IgSo.jpg,87.4353,ja,TV,24,1,https://gachiakuta-anime.com,"Aoi Ichikawa, Katsuyuki Konishi, Yumiri Hanamori",,Dub Trailer
1095,Ghost In The Shell Stand Alone Complex,Ended,2002-10-01,25,"In the future when technological enhancements and robotics are a way of life, Major Motoko Kusanagi and Section 9 take care of the jobs that are too difficult for the police. Section 9 employs hackers, sharpshooters, detectives and cyborgs all in an effort to thwart cyber criminals and their plans to attack the innocent.",8.219,395,"Action & Adventure, Animation, Crime, Sci-Fi & Fantasy","cyborg, police, organized crime, internet, cyberpunk, robot, crime investigation, network, anime, near future, computer networking, public security",攻殻機動隊 STAND ALONE COMPLEX,/oz9JhIUK792ISNXNpny4pSFo1yh.jpg,/tY6ZweSX4Mg8AYNSia9vyH1su8k.jpg,20.3333,ja,TV,52,2,https://v-storage.bnarts.jp/sp-site/ghost-in-the-shell-special/,"Atsuko Tanaka, Akio Otsuka, Osamu Saka",,Ghost in the Shell: Stand Alone Complex Trailer
57041,Gintama,Ended,2006-04-04,24,"Life isn't easy in feudal Japan... especially since the aliens landed and conquered everything! Oh sure, the new health care is great, but the public ban on the use of swords has left a lot of defeated samurai with a difficult decision to make concerning their future career paths! This is especially true if, as in the case of Gintoki Sakata, they're not particularly inclined towards holding a day job, which is why Gintoki's opted for the freelance route, taking any job that's offered to him as l...",8.1,211,"Action & Adventure, Animation, Comedy, Sci-Fi & Fantasy","samurai, katana, sword, space invasion, sword fight, parody, space, alien, ninja, based on manga, katana sword, female ninja, shogun, edo period, shinsengumi, shounen, anime",銀魂,/f7vK8pzZIqhyA8sYmBpWmp9Ae7.jpg,/yUZCIdyiu5NKenp1Bw2Ullwuzgm.jpg,35.7239,ja,TV,367,11,http://www.tv-tokyo.co.jp/anime/gintama/index2.html,"Tomokazu Sugita, Rie Kugimiya, Daisuke Sakaguchi",,
114211,Gintama The Semi Final,Ended,2021-01-15,24,"As the war temporarily calms down and Edo rebuilds, Gintoki finds Shinpachi—who is still unaware of his return—on a bridge. However, as a fight quickly breaks out between the Yorozuya and the Tenshouin Naraku, suspicion grows, forcing Gintoki to use what is nearest—a loincloth—to mask his identity. Saved for the time being, Gintoki enters the Yorozuya office, but unbeknownst to him, someone else is already waiting there...Meanwhile, Kondou departs Earth to marry Princess Bubbles in an attempt ...",7.8,18,"Animation, Comedy, Action & Adventure","samurai, based on manga, historical, shounen, anime",銀魂 THE SEMI-FINAL,/s3WpYtOnj6CXwDXz8oSOALdvUvk.jpg,/x6FUozVILpH6AVfGGTdq3z4NRXf.jpg,12.5277,ja,TV,2,1,,"Tomokazu Sugita, Daisuke Sakaguchi, Rie Kugimiya",,
88040,Given,Ended,2019-07-12,23,"Ritsuka’s lost his spark for music—until he hears Mafuyu sing. One voice pulls him back in, and suddenly, everything starts to change between them.",8.6,763,"Animation, Drama","suicide, rehabilitation, high school, romance, slice of life, tragedy, urban, school, rock music, based on manga, art, lgbt, graduate student, anime, boys' love (bl), band, bisexual",ギヴン,/gO4ntuWf5hTUNA76onzA62GVoBf.jpg,/k76NuWGNLInN9WjhH7zhAcXBxvX.jpg,22.5033,ja,TV,11,1,https://given-anime.com/,"Shogo Yano, Yuma Uchida, Masatomo Nakazawa",,Given trailer
76757,Golden Kamuy,Returning Series,2018-04-09,24,"In the early twentieth century, Russo-Japanese War veteran Saichi “Immortal” Sugimoto scratches out a meager existence during the postwar gold rush in the wilderness of Hokkaido. When he stumbles across a map to a fortune in hidden Ainu gold, he sets off on a treacherous quest to find it. But Sugimoto is not the only interested party, and everyone who knows about the gold will kill to possess it! Faced with the harsh conditions of the northern wilderness, ruthless criminals and rogue Japanese so...",7.6,75,"Action & Adventure, Animation, Comedy","based on manga, historical, seinen, anime, hokkaido, japan, ainu, 20th century, adventure, gay subtext",ゴールデンカムイ,/KjatL82mrWDogOlswIxwdrpe2n.jpg,/6qwbib8digp121qA9xj3STeq2KC.jpg,43.8259,ja,TV,49,4,http://kamuy-anime.com,"Chikahiro Kobayashi, Haruka Shiraishi, Takayuki Sugo",,Official Trailer [Subtitled]
79166,Grand Blue Dreaming,Returning Series,2018-07-14,24,"When Iori Kitahara heads off to college, he decides to live at his uncle's dive shop in Izu named Grand Blue. Iori is looking forward to experiencing college life amidst the roar of the waves, the blazing sun, and his cute cousin who lives with him! However, Iori runs into a group of tough guys playing strip rock-paper-scissors, and ends up joining Peek-a-Boo, the college's diving club!",7.7,133,"Animation, Comedy","diving, sports, based on comic, slice of life, scuba diving, university, drinking, school life, seinen, anime, school club, university student",ぐらんぶる,/ii1yrluzWisy1rygSKz8lJkAkil.jpg,/pJqAgDico7ZTMAfAXyzldYqj5ME.jpg,33.9392,ja,TV,24,2,http://grandblue-anime.com/,"Yuma Uchida, Ryohei Kimura, Chika Anzai",,
43017,Great Teacher Onizuka,Ended,1999-06-30,24,"About Eikichi Onizuka, a 22-year-old ex-gangster member and a virgin. He has one ambition that no one ever expected from him. His solely life purpose is to become the greatest high school teacher ever.",8.425,219,"Animation, Comedy, Drama","teacher, school, based on manga, shounen, anime",グレート・ティーチャー・オニヅカ,/cgcvNzLUQUjkur8zfhHwcadwzVz.jpg,/sXdKhp54z4qgMsOMoIyTglWsTPn.jpg,12.3488,ja,TV,43,1,,"Wataru Takagi, Junko Noda, Isshin Chiba",,Opening 1 | Driver’s High - L'Arc~en~Ciel [Subtitled]
60863,Haikyuu,Ended,2014-04-06,24,"Inspired by a small-statured pro volleyball player, Shouyou Hinata creates a volleyball team in his last year of middle school. Unfortunately the team is matched up against the ""King of the Court"" Tobio Kageyama's team in their first tournament and inevitably lose. After the crushing defeat, Hinata vows to surpass Kageyama. After entering high school, Hinata joins the volleyball team only to find that Tobio has also joined.",8.6,1413,"Animation, Comedy, Drama","competition, training, volleyball, sports, high school, high school sports, rivalry, slice of life, tournament, bromance, based on manga, high school rivalry, school life, shounen, anime, school club, prodigy, japanese high school, teamwork, team sports, bukatsu",ハイキュー!!,/8WEr48swcqe89Zsy5sdrGCASlIg.jpg,/3mBtXzyOIzh5zJNEgHqIIYTPb6n.jpg,58.488,ja,TV,85,4,https://haikyu.jp,"Ayumu Murase, Kaito Ishikawa",,'Haikyu!! Season 1' is now available on Animax. Watch it on Tata Play Binge!
114477,Harem In The Labyrinth Of Another World,Ended,2022-07-06,24,"High school student Michio Kaga was wandering aimlessly through life and the Internet, when he finds himself transported from a shady website to a fantasy world — reborn as a strong man who can use ""cheat"" powers. He uses his powers to become an adventurer, earn money, and get the right to claim girls that have idol-level beauty to form his very own harem.",7.3,123,"Animation, Action & Adventure, Sci-Fi & Fantasy","based on novel or book, harem, fantasy world, ecchi, shounen, anime, big tits, isekai, adventure",異世界迷宮でハーレムを,/drAnsk5w2PX5x3ooPv7I2xr3ksq.jpg,/6KQTkktt5Ku1skBlY81AodWBewL.jpg,22.6862,ja,TV,12,1,https://isekai-harem.com,"Taku Yashiro, Shiori Mikami, Kenta Miyake",,
208891,Heavenly Delusion,Ended,2023-04-01,24,"In the year 2024, the world has collapsed. Grotesque monsters lurk amongst the ruins of Japan, while remaining people scrape together what they can to survive. Kiruko, an odd-job girl in Nakano, accepts a mysterious woman's dying wish to take a boy named Maru to a place called Heaven. Maru is convinced that there will be a boy there who looks exactly like him.",7.927,220,"Animation, Mystery, Action & Adventure, Sci-Fi & Fantasy","post-apocalyptic future, based on comic, organ transplant, seinen, anime, monsters, adventure",天国大魔境,/74EYbgajUt8X2kxpu62dMR7q8jH.jpg,/p3NtYk9lW1O1gidnfDaIB2NtpNc.jpg,26.8984,ja,TV,13,1,https://tdm-anime.com,"Gen Sato, Sayaka Senbongi, Hibiku Yamamura",,Official Trailer [Subtitled]
290511,Hell Motel,Returning Series,2025-06-17,0,"A group of 10 true crime obsessives are invited to the opening weekend of the newly renovated Cold River Motel, the site of a 30-year-old unsolved satanic mass murder. History repeats itself when the guests get stranded and start getting knocked off one by one during a murder spree that grows exponentially more gruesome than the original with each kill.",5.0,9,"Crime, Drama, Mystery",,Hell Motel,/gRfT9XffHqBxvkrW4izh3gd7L4S.jpg,/55FTpT8MrqpPveg5zfO4ZnYG3uQ.jpg,15.4677,en,TV,8,1,https://www.shudder.com/series/watch/hell-motel/2b1e98756aa83083,"Eric McCormack, Paula Brancati, Shaun Benson",,Official Trailer
117465,Hells Paradise Jigokuraku,Returning Series,2023-04-01,25,"For a chance at a pardon, a ninja assassin joins other condemned criminals on a journey to a mysterious island to retrieve an elixir of immortality.",8.1,313,"Animation, Drama, Action & Adventure, Sci-Fi & Fantasy","martial arts, supernatural, ninja, based on manga, historical, combat, edo period, shounen, anime, adventure",地獄楽,/1V9I7SvZbYoMbSvdtnlkkq9SB1k.jpg,/vjiIuR3XGpoGSumQ7DziPAmxIYR.jpg,22.6311,ja,TV,14,2,https://www.jigokuraku.com,"Chiaki Kobayashi, Yumiri Hanamori, Ryohei Kimura",,Dub Trailer
61752,Hellsing Ultimate,Ended,2006-02-10,49,"For over a century, the mysterious Hellsing Organization has been secretly protecting the British Empire from the undead. When Sir Integra Hellsing succeeded as the head of the organization, she also inherited the ultimate weapon against these supernatural enemies: Alucard, a rogue vampire possessing mysterious and frightening powers. Now, Hellsing must deal with a more dangerous threat than vampires.",8.417,650,"Animation, Drama, Sci-Fi & Fantasy","christianity, london, england, anti hero, nazi, vampire, secret organization, police, supernatural, vampire hunter (slayer), remake, gore, religion, gunfight, zombie, based on manga, massacre, military, dark fantasy, seinen, anime, original video animation (ova), horror",ヘルシング アルティメット,/cz8vNiws00m8tzIpdBCPFgUuBYw.jpg,/mz5L2zlZuMlQwVE8Yxvb2YK1wsl.jpg,17.5629,ja,TV,10,1,https://www.nbcuni.co.jp/rondorobe/anime/hellsing/,"Jouji Nakata, Fumiko Orikasa, Yoshiko Sakakibara",,English Dub Trailer
194665,High Card,Ended,2023-01-09,24,"Fourland Kingdom is an island nation in the North Atlantic. In this country, there are 52 X-Playing Cards, considered the origin of playing cards. A card with a unique supernatural ability can gift its abilities to a qualified person: the player.One day, the X-Playing Cards in government's custody were spread all over Fourland leading to troubles caused by the supernatural abilities of the players with cards across the country. The king secretly assigns Pinochle, one of the top corporations of...",6.8,26,"Animation, Drama, Action & Adventure, Sci-Fi & Fantasy","gambling, supernatural, bromance, anime",HIGH CARD,/aGyV4sV4P0y4NXuguucNOo3eolp.jpg,/zLtHqKWqU2vh1tNoHfHAvTWdUQc.jpg,20.5694,ja,TV,24,2,https://highcard-anime.jp,"Yoshitsugu Matsuoka, Miyuki Sawashiro",,Official Trailer 2 [Subtitled]
45950,High School Dxd,Ended,2012-01-06,0,"Issei Hyodo is your average perverted high school student whose one wish in life is to have his own harem, but he's got to be one of the unluckiest guys around. He goes on his first date with a girl only to get brutally attacked and killed when it turns out the girl is really a vicious fallen angel. To top it all off, he's later reincarnated as a devil by his gorgeous senpai who tells him that she is also a devil and now his master! One thing's for sure, his peaceful days are over. In a battle b...",8.5,1943,"Animation, Action & Adventure, Comedy, Sci-Fi & Fantasy","angel, transformation, supernatural, high school, harem, sexual humor, fallen angel, dragon, demon, super power, teen comedy, school life, ecchi, anime, school club, big tits, playful, lighthearted, supernatural ability, power suit, provocative, urban fantasy, absurd, based on light novel, whimsical, urban adventure, dragons",ハイスクールD×D,/nuGXXJMsinqGAva3niLI00x1h3K.jpg,/oF8PNdntjZ7DUrAvnhNPPNRi0q6.jpg,59.2842,ja,TV,49,4,http://www.haremking.tv/,"Yuki Kaji, Yoko Hikasa, Azumi Asakura",,Hero Opening | SWITCH - Minami
56998,Highschool Of The Dead,Ended,2010-07-05,24,"The lockers are splattered with blood, the student bodies are piling up and that's not mystery meat they're eating in the cafeteria… it's the faculty! And that's just the start of the worst day of school ever when a nightmarish virus is unleashed, turning humans into flesh eating zombies and converting Fujimi High School into a literal hell on Earth. Now it's a crash course in survival, and the only test or skill that matters is the ability to keep moving, breathing and fighting. Because if nerd...",8.159,864,"Animation, Action & Adventure, Drama, Sci-Fi & Fantasy","swordplay, post-apocalyptic future, supernatural, high school, harem, end of the world, gore, survival, coming of age, gunfight, zombie, based on manga, epidemic, survival horror, zombie apocalypse, virus, angst, ecchi, shounen, anime, big tits, erotic",学園黙示録 HIGHSCHOOL OF THE DEAD,/oPiNGGZyBzst3hKGFU1mteT0zhe.jpg,/ivWNDYPxDMjc82ajeSPuyq70hu9.jpg,39.0935,ja,TV,12,1,https://www.nbcuni.co.jp/rondorobe/anime/hotd/,"Junichi Suwabe, Marina Inoue, Miyuki Sawashiro",,High School of the Dead Official Trailer
110070,Horimiya,Ended,2021-01-10,24,"A secret life is the one thing they have in common. At school, Hori is a prim and perfect social butterfly, but the truth is she's a brash homebody. Meanwhile, under a gloomy facade, Miyamura hides a gentle heart, along with piercings and tattoos. In a chance meeting, they both reveal a side they've never shown. Could this blossom into something new?",8.537,1038,"Animation, Comedy, Drama","secret identity, love, romcom, romance, slice of life, based on manga, school life, shounen, anime, japanese high school, amused",ホリミヤ,/yxk74s3QHx4K3rKpiPisLLqPJ5J.jpg,/ldUbhEbyI28M6PiAkL0hZ2o8bOT.jpg,29.0545,ja,TV,13,1,https://horimiya-anime.com,"Haruka Tomatsu, Koki Uchiyama, Seiichiro Yamashita",,Horimiya - Trailer
228663,Horimiya The Missing Pieces,Ended,2023-07-01,24,"A new anime project that adapts popular side stories that were left out of the main anime seriesAs the graduation ceremony at Katagiri High School comes to an end, Kyouko Hori, her boyfriend Izumi Miyamura, and their friends begin to look back on their time as students. The moments they shared together may be fleeting, but each one is a colorful piece of their precious memories.",7.7,44,"Animation, Comedy, Drama","high school, romcom, romance, slice of life, based on manga, anime, japanese high school, side story",ホリミヤ -piece-,/aEJVHbXaC94y6thJ3nA6lBBnHjs.jpg,/mNFcBM82O0AG5pU9JwOcJqH98G9.jpg,19.2554,ja,TV,13,1,https://horimiya-anime.com/,"Haruka Tomatsu, Koki Uchiyama, Seiichiro Yamashita",,Official Trailer 2 [Subtitled]
46298,Hunter X Hunter,Ended,2011-10-02,24,"To fulfill his dreams of becoming a legendary Hunter like his dad, a young boy must pass a rigorous examination and find his missing father.",8.7,1902,"Animation, Action & Adventure, Sci-Fi & Fantasy","martial arts, bounty hunter, virtual reality, training, friendship, remake, revenge, organized crime, tragedy, coming of age, tournament, bromance, based on manga, fighting, super power, death match, mutilation, shounen, anime, fantasy, adventure, admiring",HUNTER×HUNTER,/i2EEr2uBvRlAwJ8d8zTG2Y19mIa.jpg,/6U0e6OHklJAcMAuIoGXjTBS5zsI.jpg,100.1011,ja,TV,148,3,https://www.ntv.co.jp/hunterhunter/sphone/,"Megumi Han, Mariya Ise, Issei Futamata",,Official Extended Trailer
65329,Hyouka,Ended,2012-04-23,26,"Oreki Houtarou is a minimalistic high school boy. One day, he joins the Classic Literature Club at his elder sister's request. There he meets Chitanda Eru, Fukube Satoshi, and Ibara Mayaka. Chitanda is a calm beautiful girl but she turns into an embodiment of curiosity once she says, ""I'm curious."" Fukube is a smiling boy with a fantastic memory who calls himself a database. Ibara is a short girl and is strict with others and herself. They begin to investigate a case that occurred 45 years ago. ...",8.119,338,"Animation, Mystery, Comedy","detective, based on novel or book, literature, high school, romance, slice of life, school, art, school life, anime, school club, japanese high school, romantic, bukatsu, young detective",氷菓,/qoAig2n9LkukqnizytaBtOSwif7.jpg,/kmUuJ4BHkX1cQKnFBJ2vv22bmmS.jpg,26.7633,ja,TV,22,1,https://www.kyotoanimation.co.jp/kotenbu/,"Yuichi Nakamura, Satomi Sato, Daisuke Sakaguchi",,Hyouka: Part 1 - Trailer
208493,I Got A Cheat Skill In Another World And Became Unrivaled In The Real World Too,Ended,2023-04-07,24,"A door to another world stretches out before a boy who's been brutally bullied all his life. This alternate reality grants him access to all sorts of things, like cheat skills and a portal that lets him travel between his old and new worlds! Can this class loser turn his life around back home...?",8.2,246,"Animation, Sci-Fi & Fantasy, Action & Adventure","elves, magic, high school, bullying, harem, romance, school, demon, combat, fantasy world, seinen, anime, isekai, learning, based on light novel, adventure",異世界でチート能力を手にした俺は、現実世界をも無双する ～レベルアップは人生を変えた～,/dXrUejdxJFgk6FGoB8V3VQhYsjJ.jpg,/nxJSLabJHzAeRzweeWRl1EE40NJ.jpg,29.2404,ja,TV,13,2,https://www.iseleve.com,"Yoshitsugu Matsuoka, Akari Kito, Kaori Maeda",,Main PV [Subtitled]
73946,Inuyashiki,Ended,2017-10-12,23,"Aliens replace middle-aged Inuyashiki's body with a combat robot. He uses it to fight high schooler Shishigami, who's using the same power selfishly.",8.074,284,"Animation, Drama, Sci-Fi & Fantasy, Action & Adventure","android, anti hero, superhero, alien, tragedy, disaster, gunfight, based on manga, super power, mutilation, seinen, anime, psychological, suspense",いぬやしき,/53cafnW5gwzrSUagSCwippMlfDa.jpg,/nzhMMfyGBfuAo4GWKfn8SckGGbQ.jpg,4.9329,ja,TV,11,1,http://www.inuyashiki-project.com/,"Fumiyo Kohinata, Nijiro Murakami, Kanata Hongo",,INUYASHIKI LAST HERO　【Fuji TV Official】
45790,Jojos Bizarre Adventure,Returning Series,2012-10-06,24,"Follow the intergenerational feud between the Joestar Family and various forces of evil, the most prominent of which is Dio Brando and his followers.",8.6,1465,"Animation, Action & Adventure, Sci-Fi & Fantasy","martial arts, magic, vampire, based on manga, adventurer, globetrotting, shounen, anime, muscles, supernatural power, horror, adventure, admiring, adoring, amused, forceful, gay subtext",ジョジョの奇妙な冒険,/ogAWwbh3frWtiTyyXrZaVFtqCgp.jpg,/mLKN1dsimKPiXCZ48KED0X8a02t.jpg,79.0703,ja,TV,190,6,https://jojo-portal.com/anime/,"Fairouz Ai, Atsumi Tanezaki, Mutsumi Tamura",,Stardust Crusaders Opening 1 (OP3) | STAND PROUD - Jin Hashimoto
95479,Jujutsu Kaisen,Returning Series,2020-10-03,24,"Yuji Itadori is a boy with tremendous physical strength, though he lives a completely ordinary high school life. One day, to save a classmate who has been attacked by curses, he eats the finger of Ryomen Sukuna, taking the curse into his own soul. From then on, he shares one body with Ryomen Sukuna. Guided by the most powerful of sorcerers, Satoru Gojo, Itadori is admitted to Tokyo Jujutsu High School, an organization that fights the curses... and thus begins the heroic tale of a boy who became ...",8.58,3898,"Animation, Action & Adventure, Sci-Fi & Fantasy","martial arts, exorcism, secret organization, sorcery, supernatural, possession, paranormal, curse, tragedy, sorcerer, school, bromance, based on manga, spirit, demon, demonic possession, dark fantasy, school life, youkai, shounen, anime, japanese high school, occultism, supernatural ability, urban fantasy, cursed object, urban adventure",呪術廻戦,/fHpKWq9ayzSk8nSwqRuaAUemRKh.jpg,/gmECX1DvFgdUPjtio2zaL8BPYPu.jpg,129.8486,ja,TV,47,1,https://jujutsukaisen.jp,,,JUJUTSU KAISEN Opening | Kaikai Kitan by Eve
99071,Kaifuku Jutsushi No Yarinaoshi,Ended,2021-01-13,24,"In a world of monsters, adventurers and magic, some of the most gifted healers are subjugated to brute force. Keyaru gains the ability to rewind time and turns the tables on those who’ve exploited him in this dark fantasy tale of vengeance and fury.",8.336,976,"Animation, Action & Adventure, Sci-Fi & Fantasy, Drama, Crime","rape, orgy, magic, harem, rape of a male, revenge, romance, gore, memory loss, politically incorrect, pervertion, mutilation, fantasy world, dark fantasy, seinen, ecchi, anime, sex, based on light novel, adventure",回復術士のやり直し,/9T7TT0w92RbeRP5QSnNq81HHxde.jpg,/injrIOMNCQv4kTNX6hWa1QlyKoK.jpg,31.4941,ja,TV,12,1,http://kaiyari.com/,"Yuya Hozumi, Ayano Shibuya, Shizuka Ishigami",,Kaifuku Jutsushi no Yarinaoshi ( Redo of Healer ) Official Trailer [Eng Sub]
207468,Kaiju No 8,Returning Series,2024-04-13,24,"In a world plagued by creatures known as Kaiju, Kafka Hibino aspired to enlist in The Defense Force. He makes a promise to enlist with his childhood friend, Mina Ashiro. Soon, life takes them in separate ways. While employed cleaning up after Kaiju battles, Kafka meets Reno Ichikawa. Reno's determination to join The Defense Force reawakens Kafka's promise to join Mina and protect humanity.",8.566,559,"Animation, Action & Adventure, Sci-Fi & Fantasy","based on comic, gore, giant monster, based on manga, kaiju, military, shounen, anime",怪獣８号,/bJxGs0w5RAhaX4fIUQu511rvm0S.jpg,/9DrORnlwnjt5SeJKcuE5sqOoIdV.jpg,80.7434,ja,TV,23,2,https://kaiju-no8.net,,,Dub Trailer
76409,Kakegurui,Ended,2018-01-16,45,"Children from influential families in politics and businesses attend the Hyakkaou Private Academy. There, the hierarchy of the students are classified by a series of games. Students that win the games are on the ruling side and the students who lose become slaves. One day, a mysterious girl, Yumeko Jabami (Minami Hamabe), is transferred to Hyakkaou Private Academy. She looks pure and pretty, but she is actually a compulsive gambler and seeks out the thrill of taking calculated risks.",7.8,175,"Drama, Mystery","gambling, friendship, debt, based on manga, psychological, girls love, blood, youth, school bullying, violence",賭ケグルイ,/iLrKRd4z9AwFNhnfpB6LpRctW7L.jpg,/6DZ6Yqr9uphYyK6RRoIaiETi5LK.jpg,16.9591,ja,TV,15,2,http://www.mbs.jp/kakegurui-drama/,"Minami Hamabe, Mahiro Takasugi, Aoi Morikawa",,Trailer Dorama Live Action Kakegurui [ 賭ケグルイ ]
62741,Kamisama Kiss,Ended,2012-10-02,24,"Nanami was just a normal high school girl down on her luck until a stranger’s lips marked her as the new Land God and turned her world upside down. Now, she’s figuring out the duties of a deity with the help of Tomoe, a reformed fox demon who reluctantly becomes her familiar in a contract sealed with a kiss. The new responsibilities—and boys—are a lot to handle, like the crow demon masquerading as a gorgeous pop idol and the adorable snake spirit who’s chosen the newly minted god to be his bride...",8.64,960,"Animation, Comedy, Sci-Fi & Fantasy","magic, friendship, supernatural, high school, god, rivalry, romance, coming of age, school, religion, based on manga, spirit, demon, shrine, school life, youkai, shoujo, japanese mythology, anime, bishounen, deity",神様はじめました,/5E7GL8KxpFemEFl3Lv8Fu4RuSwa.jpg,/cttisz5q4LHwyRYlIj9S7oQa27v.jpg,27.7895,ja,TV,25,2,http://www.tv-tokyo.co.jp/anime/kamisama/,"Yui Horie, Suzuko Mimori, Daisuke Namikawa",,Kamisama Kiss - Contract
90660,Kengan Ashura,Ended,2019-07-31,23,"Ohma Tokita enters a hidden world where corporate disputes are settled in brutal gladiator bouts. Forget the money, he just wants to fight — and win.",8.357,985,"Animation, Action & Adventure, Sci-Fi & Fantasy","japan, martial arts, gladiator, challenge, based on manga, anime, blood, original net animation (ona)",ケンガンアシュラ,/tqR96OMBKzHNCNwJB3f3NsCkXbL.jpg,/wJtrctuWTKgIi45zLw9tTjWQFY3.jpg,37.6754,ja,TV,52,2,http://kengan.net/,Tatsuhisa Suzuki,,Teaser [Subtitled]
123876,Komi Cant Communicate,Ended,2021-10-07,24,"At a high school full of unique characters, Tadano helps his shy and unsociable classmate Komi reach her goal of making friends with 100 people.",8.369,516,"Animation, Comedy, Drama","shyness, friendship, friends, romance, slice of life, school, based on manga, anime, social anxiety, popular girl, japanese high school",古見さんは、コミュ症です。,/xGciZiSIEmkqgcv4ouWmkhmXmPH.jpg,/2bHGk7j4OD21qeXRRDYrKVhxzRc.jpg,36.4105,ja,TV,24,1,https://komisan-official.com,"Aoi Koga, Gakuto Kajiwara, Rie Murakawa",,Opening | Cinderella - CIDERGIRL [Creditless]
45783,Kurokos Basketball,Ended,2012-04-08,24,"In the story, Kagami Taiga has just enrolled into Seirin High School when he meets Kuroko Tetsuya of the school's basketball team. Kuroko happens to be the shadowy sixth member of the legendary Generation of Miracles basketball team. Together, Kagami and Kuroko aim to take their team to the inter-high school championship - against Kuroko's former teammates.",8.4,564,"Animation, Comedy, Drama","sports, high school, basketball, high school sports, bromance, based on manga, sport competition, shounen, anime, prodigy, japanese high school, special ability, amused, bukatsu",黒子のバスケ,/qi8dlAgQEeahpEn1AOb5BJEOcVB.jpg,/jwvr9l6JRC88WC0gyowO1UYUXeL.jpg,47.7083,ja,TV,75,3,http://tv.kurobas.com/,"Kensho Ono, Yuki Ono, Junichi Suwabe",,Kuroko's Basketball Season 1 - Trailer
231003,Lazarus,Ended,2025-04-06,25,"In 2052, a Nobel Prize-winning neuroscientist develops a drug called Hapna — a cure-all that has the unexpected side-effect of causing death three years later. In response to this threat, a special force of agents—nicknamed ""Lazarus""— is assembled to take on the malevolent Skinner.",8.4,58,"Sci-Fi & Fantasy, Action & Adventure, Animation","fugitive, criminal underworld, task force, miracle drug, neuroscientist, anime, near future",Lazarus,/j5Tvg6cF4jM2nB9YrjQ3Jiq3PBn.jpg,/fgcSUbheJ2nml1g7y5QNvR4s16d.jpg,38.6814,en,TV,13,1,https://www.adultswim.com/videos/lazarus,"Mamoru Miyano, Makoto Furukawa, Maaya Uchida",,Early Preview: Prison Break
232230,Lord Of Mysteries,Returning Series,2025-06-28,35,"In a Victorian world of steam, dreadnoughts, and occult horrors, Zhou Mingrui awakens as Klein Moretti. He walks a razor’s edge between light and darkness, entangled with warring Churches. This is the legend of unlimited potential…and unspeakable danger.",9.4,28,"Animation, Mystery, Sci-Fi & Fantasy","mythology, magic, puppeteer, tarot cards, transformation, immortality, reincarnation, supernatural, victorian england, conspiracy, alternate history, transmigration, britain, gothic horror, gothic, multiple identities, alchemy, cthulhu, tarot, wealthy man, multiple dimensions, 19th century, aristocracy, mysterious past, scheme, dark mysteries, steam power, industrialization, victorian era, dark, alternative world, psychological, web series, 20th century, lovecraftian, suspense, supernatural ability, multiple realms, hiding true abilities, eidetic memory, nightmares, fantasy creature, donghua, thriller, based on web novel, xuanhuan",诡秘之主,/c8fHePq3yTn3WvZd4hupkHwsjm5.jpg,/AdWWrcYKNXlpeWNJlmK4HCJ6Dj9.jpg,49.1128,zh,TV,13,1,https://v.qq.com/detail/t/mzc00200x6fq63h.html,"Yang Kaiqi, Lei Wu, Titus Jin",Gideon Liu,
61534,Love Stage,Ended,2014-07-10,24,"Izumi was born in a family of celebrities. His father is a singer, his mother an artist, his older brother the lead vocalist for the popular band Crashers. Izumi himself, however, is just a nerdy college student. He loves the manga ""Magical Girl Lala Lulu"" and dreams of becoming a manga writer himself. One day he is roped into filming a commercial where he wears a dress. Another actor on the set, Ryoma Ichijo, mistakes him for a woman and falls in love at first sight. As it turns out, though, th...",6.625,32,"Animation, Comedy","romcom, romance, trap, cross dressing, based on manga, art, lgbt, showbiz, anime, otaku, gay theme, boys' love (bl)",LOVE STAGE!!,/drudqRieOKYqv66EISTSpT1v1t4.jpg,/wyiTVatTjFWSXmd5zCGUBuYYSoQ.jpg,15.2041,ja,TV,10,1,http://lovestage-tv.jp,"DAIGO, Tsubasa Yonaga, Daisuke Hirakawa",,
72636,Made In Abyss,Ended,2017-07-07,24,"Located in the center of a remote island, the Abyss is the last unexplored region, a huge and treacherous fathomless hole inhabited by strange creatures where only the bravest adventurers descend in search of ancient relics. In the upper levels of the Abyss, Riko, a girl who dreams of becoming an explorer, stumbles upon a mysterious little boy.",8.39,555,"Animation, Drama, Action & Adventure, Sci-Fi & Fantasy","android, amnesia, post-apocalyptic future, exploration, friendship, mecha, gore, survival, curse, tragedy, orphan, based on manga, robot, dark fantasy, seinen, mysterious, anime, drastic change of life, fantasy, adventure",メイドインアビス,/f6U3odfIb3pCXMGKRTQGGF9o1Qg.jpg,/uzp513qTcHsAavlCJ58x5d73bzy.jpg,51.1983,ja,TV,25,2,http://miabyss.com,"Miyu Tomita, Mariya Ise",,MADE IN ABYSS English Dub Trailer
69295,Masamune Kuns Revenge,Ended,2017-01-05,24,"As a child, Masamune Makabe once suffered greatly at the hands of a wealthy and beautiful girl named Aki Adagaki, who nicknamed him ""Piggy"" due to his chubby appearance. Seeking revenge against his tormentor, Masamune works hard to improve himself and returns as an incredibly handsome, albeit narcissistic, high school student. When he encounters Aki once again, he is prepared to exact vengeance.With the aid of the rich girl's maid, Yoshino Koiwai, Masamune slowly begins to build his relationsh...",7.732,339,"Animation, Comedy, Drama","high school, bullying, harem, revenge, romcom, rivalry, romance, school, based on manga, school life, shounen, anime",政宗くんのリベンジ,/lOkjPZ2EO0K1H0CgRAd8SLBTOav.jpg,/iEVC4TM0CyH0AVq4BE3AnfB7tbO.jpg,20.848,ja,TV,24,2,http://www.masamune-tv.com,"Natsuki Hanae, Ayaka Ohashi, Inori Minase",,Masamune-kun no Revenge (Masamune-kun's Revenge) English Subbed
204832,Mashle Magic And Muscles,Returning Series,2023-04-08,24,"With no magic but plenty of physical might, Mash makes it his goal to outdo his magic-wielding classmates to attain the title of Divine Visionary.",8.341,543,"Animation, Comedy, Action & Adventure, Sci-Fi & Fantasy","martial arts, magic, parody, school, based on manga, combat, shounen, anime, magic school, cliché",マッシュル-MASHLE-,/yORTvQOQTZzZ9JRIpRH4QaIaQBm.jpg,/p1swd15DRtCnNj20U904dbXeVsi.jpg,57.2463,ja,TV,24,1,https://mashle.pw,"Chiaki Kobayashi, Reiji Kawashima, Kaito Ishikawa",,S2 Opening | Bling-Bang-Bang-Born - Creepy Nuts
77939,Megalo Box,Ended,2018-04-06,24,"A desolate land stretches out from the city of poverty. A motorcycle speeds recklessly, blowing clouds of sand and dust. The rider is the protagonist of this story – he has neither a name nor a past. All he has is his ring name, “Junk Dog” and a technique for rigging MEGALOBOX matches with his pal Gansaku Nanbu, which they use to support their hand-to-mouth lives. JD is bored, resigned, and unfulfilled. Yuri has been the reigning champion of MEGALOBOX for the past few years. He has the skills an...",7.949,234,"Animation, Action & Adventure, Drama, Sci-Fi & Fantasy","sports, spin off, shounen, boxing, anime",メガロボクス,/mfXCEFdiMMWEUCGcCbdEo7bfhKK.jpg,/l3uSouoBpxN3aanoD5PiiBz1DBm.jpg,17.8221,ja,TV,26,2,https://megalobox.com,"Yoshimasa Hosoya, Hiroki Yasumoto, Michiyo Murase",,"Megalobox, Season 1 on Blu-ray | Official English Trailer | VIZ"
121078,Mieruko Chan,Ended,2021-10-03,24,"She can see dead people…she just chooses to ignore them. That’s Miko’s plan, anyway, with horrifying (and sometimes hilarious) results.",8.2,331,"Animation, Comedy, Mystery, Sci-Fi & Fantasy","supernatural, slice of life, school, based on manga, ghost, shounen, anime, japanese high school, horror",見える子ちゃん,/pNLGu2qOg0Blz8wGhGEDErjEn0Y.jpg,/wUSXlvGJqVLnvriGaVEY4m5Ib4K.jpg,20.6342,ja,TV,12,1,https://mierukochan.jp/,"Sora Amamiya, Kaede Hondo, Ayane Sakura",,
46195,Monogatari Series Second Season,Returning Series,2009-07-03,25,"Although there are still traces of the brief period he became a vampire, third-year high school student Koyomi Araragi is human again. He happens upon others with their own supernatural problems and finds that he can empathize. Koyomi becomes involved in their lives, seeking to help them and occasionally asking for advice from Meme Oshino, the homeless man who helped him become human again.",8.1,484,"Animation, Comedy, Drama, Mystery","based on novel or book, vampire, supernatural, romance, school, ghost, youkai, japanese mythology, anime, japanese high school, human vampire relationship, based on light novel, admiring",化物語,/zCEjjb1NH3LLsWeZx47wOeqkezf.jpg,/2WBO3C7CjsOTT5wgi9Inn5iQhVv.jpg,122.5041,ja,TV,72,5,http://www.monogatari-series.com/,"Hiroshi Kamiya, Chiwa Saito, Yui Horie",,Bakemonogatari Blu-Ray Trailer
275623,Mononoke,Ended,2025-04-07,24,"In 1948 Tokyo, just right after the war, Kanna Kusakabe had just become a second-year at a high school when she meets the new language teacher, Akihiko Chuzenji. Mysterious supernatural things keep happening around Kanna. Once again today, Kanna is going to open the doors to the library prep room to seek help from the surly Chuzenji-sensei who is waiting inside.",7.0,1,"Animation, Mystery","strangeness, supernatural, school, tokyo, japan, based on manga, historical, shounen, anime, psychological, shōwa era (1926-89), mystery",中禅寺先生物怪講義録 先生が謎を解いてしまうから。,/6OOqlrGSBRV31TlzzHSukuySqwz.jpg,/naIXm0flz73EJrQWMTkGBmEjWao.jpg,21.3695,ja,TV,12,1,https://chuzenji-anime.jp,"Kaori Maeda, Katsuyuki Konishi, Shinnosuke Tachibana",,
203740,Moonrise,Ended,2025-04-10,0,"After rebel forces attack Earth, a carefree heir becomes the prime suspect and joins a special military unit to find the true mastermind on the Moon.",7.3,14,"Animation, Action & Adventure, Sci-Fi & Fantasy","moon, space war, army, rebellion, young man, moon colony, space prison, anime, not too distant future",ムーンライズ,/mqok8du6LvnaigAJo5omAq1BPye.jpg,/lA7PhetuTDbW5euHB7VtPAYwrH.jpg,26.9134,ja,TV,18,1,https://www.netflix.com/title/81251383,"Chiaki Kobayashi, Yuto Uemura, Kosuke Takaguchi",,Official Trailer [Subtitled]
100281,Moriarty The Patriot,Ended,2020-10-11,24,"In the late 19th century, the British Empire nobility reigns while its working class suffers at their hands. Sympathetic to their plight, William James Moriarty wants to topple it all. Frustrated by the systemic inequity, Moriarty strategizes to fix the entire nation. Not even consulting detective Sherlock Holmes can stand in his way. It’s time for crime to revolutionize the world!",8.4,216,"Animation, Mystery","detective, anti hero, revenge, mafia, tragedy, bromance, based on manga, historical, aristocracy, anime, victorian era, psychological, suspense, ships, foreign, gay subtext",憂国のモリアーティ,/lLcmshfrLg7JUMwMCnp5fuNqtoQ.jpg,/en2X3XWGiUwZFe9pH9r06Si3Nbh.jpg,34.5133,ja,TV,24,1,https://moriarty-anime.com/,"Soma Saito, Takuya Sato, Chiaki Kobayashi",,Official Trailer [Subtitled]
42830,Moribito Guardian Of The Spirit,Ended,2007-04-07,25,"Balsa the spearwoman is a wandering warrior, who takes on the task of saving lives, in atonement for a past sin. On her journey, she happens to save a prince, and is tasked with becoming his bodyguard. And he is going to need one, for his own father, the emperor, wants him dead. Throughout the story, Balsa's past will come to light and they will uncover mysteries about Chagum's condition while developing a family-like relationship with each other and others.",7.776,58,"Animation, Action & Adventure, Sci-Fi & Fantasy, Drama","anime, adventure",精霊の守り人,/1AfvVo4mtAfmn7kjdpk3rlFgdm7.jpg,/ahSGkcH1QmrxmNJxY9nAOzIjjfA.jpg,18.2222,ja,TV,26,1,http://www6.nhk.or.jp/anime/program/detail.html?i=moribito,"Mabuki Ando, Naoto Adachi, Koji Tsujitani","Kenji Kamiyama, Shoutarou Suga",Official Extended Trailer
94664,Mushoku Tensei Jobless Reincarnation,Returning Series,2021-01-11,24,"A 34-year-old hikikomori is kicked out of his home by his family after the death of his parents. After his eviction, he saves a group of teenagers from being killed by a speeding truck, but loses his life in the process. When he comes to, he realizes he has been reborn as Rudeus Greyrat, in a world of swords and sorcery.",8.551,1305,"Action & Adventure, Animation, Sci-Fi & Fantasy","magic, teleportation, reincarnation, polygamy, harem, romance, displacement, second chance, fantasy world, seinen, ecchi, anime, search for mother, neet, life challenges, other world, sword and sorcery, isekai, otaku, erotic, fantasy, based on light novel, adventure",無職転生 ～異世界行ったら本気だす～,/gLKOYIMyKlUHW0SVdskhgf9C0yy.jpg,/j9fRIimor0AMFJR9kjZubXcABzZ.jpg,86.8132,ja,TV,47,3,https://mushokutensei.jp,"Yumi Uchiyama, Tomokazu Sugita, Konomi Kohara",,Official Pre-Made Trailer
211051,My Daemon,Ended,2023-11-23,0,"To save his mother, a kind-hearted boy and his tiny daemon friend set out on a journey across post-apocalyptic Japan as dark forces close in.",8.3,39,"Animation, Sci-Fi & Fantasy, Action & Adventure, Drama","hell, nuclear explosion, young boy, demon, science fiction",ดีมอนของผม,/5bWTE3CwBM6z8lew9BPykujeNwG.jpg,/mlU4e4NwPz28jSTq5Yzb6AuHqcN.jpg,20.7928,th,TV,13,1,https://www.netflix.com/title/81261227,"Miyuri Shimabukuro, Cocoro Kikuchi, Jouji Nakata",,Making Of [Subtitled]
123249,My Dress Up Darling,Returning Series,2022-01-09,24,"High schooler Wakana Gojo wants to become a kashirashi—a master craftsman who makes traditional Japanese Hina dolls. Though he's gung-ho about the craft, he knows nothing about the latest trends, and has a hard time fitting in with his class. The popular kids—especially one girl, Marin Kitagawa—seem like they live in a completely different world. That all changes one day, when she shares an unexpected secret with him, and their completely different worlds collide.",8.5,765,"Animation, Comedy, Drama","adolescence, high school, based on comic, romance, slice of life, cosplay, seinen, ecchi, anime, otaku, erotic, romantic",その着せ替え人形は恋をする,/A6mxBwvvv63JXZm3xXKv4SugE0L.jpg,/gWPK2RIVJ6i3myf7Xdw8DqlznT8.jpg,64.0712,ja,TV,24,1,https://bisquedoll-anime.com,"Hina Suguta, Shoya Ishige, Atsumi Tanezaki",,Official Trailer
280110,My Hero Academia,Returning Series,2025-04-07,24,"Koichi Haimawari is a dull college student who aspires to be a hero but has given up on his dream. Although 80% of the world’s population has superhuman powers called Quirks, few are chosen to become heroes and protect people. Everything changes for Koichi when he and Pop☆Step are saved by the vigilante Knuckleduster and get recruited to become vigilantes themselves!",8.0,38,"Animation, Action & Adventure, Drama, Sci-Fi & Fantasy","hero, vigilante, based on manga, spin off, super power, shounen, anime",ヴィジランテ -僕のヒーローアカデミア ILLEGALS-,/iv0cXt6uJGlTryWZNQMGyum4Pme.jpg,/dfmwYLPYG0KGKP9vrWgRskB35KW.jpg,27.5303,ja,TV,13,2,https://vigilante-anime.com,"Shuichiro Umeda, Ikumi Hasegawa, Yasuhiro Mamiya",,Official Trailer 2 [Subtitled]
280110,My Hero Academia Vigilantes,Returning Series,2025-04-07,24,"Koichi Haimawari is a dull college student who aspires to be a hero but has given up on his dream. Although 80% of the world’s population has superhuman powers called Quirks, few are chosen to become heroes and protect people. Everything changes for Koichi when he and Pop☆Step are saved by the vigilante Knuckleduster and get recruited to become vigilantes themselves!",8.0,38,"Animation, Action & Adventure, Drama, Sci-Fi & Fantasy","hero, vigilante, based on manga, spin off, super power, shounen, anime",ヴィジランテ -僕のヒーローアカデミア ILLEGALS-,/iv0cXt6uJGlTryWZNQMGyum4Pme.jpg,/dfmwYLPYG0KGKP9vrWgRskB35KW.jpg,27.5303,ja,TV,13,2,https://vigilante-anime.com,"Shuichiro Umeda, Ikumi Hasegawa, Yasuhiro Mamiya",,Official Trailer 2 [Subtitled]
158373,Nier Automata Ver 1 1A,Ended,2023-01-08,24,"The distant future, 5012.The sudden aerial invasion of Earth by ＜Aliens＞ and their creations ＜Machine Lifeforms＞ led mankind to the brink of extinction. The surviving number of humans who took refuge on the moon to organize a counterattack using ＜android＞ soldiers to recapture Earth.However, the war reaches a stalemate as the ＜Machine Lifeforms＞ continue to multiply infinitely. In turn, humanity deploys anew unit of android soldiers as an ultimate weapon: ＜YoRHa＞Newly dispatched to Earth ＜...",8.087,155,"Animation, Action & Adventure, Sci-Fi & Fantasy","android, future, invasion, dystopia, alien, robot, based on video game, military, anime, war",NieR:Automata Ver1.1a,/qHSCYOXHV3EKXKkMxUvC9rGx4Av.jpg,/bGRKHQsmLUz2hQB8W3nYnCIc9Y0.jpg,32.5322,ja,TV,24,1,https://nierautomata-anime.com,"Yui Ishikawa, Natsuki Hanae, Ayaka Suwa",,Promotion File 008 [Subtitled]
202284,Ninja Kamui,Returning Series,2024-02-11,24,"A team of assassins exacts a bloody retribution on Joe Logan – a former ninja who escaped his clan – and his family for betraying their ancient code. Rising from his seeming ""death,"" Joe will re-emerge as his former self – Ninja Kamui – to avenge his family and friends and bring down the very clan that made him.",8.307,308,"Animation, Action & Adventure","ninja, anime, serious, intense",Ninja Kamui,/A7mYSloFonDcQtHTqyLqEg9rIkh.jpg,/3nmDXGCDcHbtP3Rw4vi9RD3cmmX.jpg,23.4398,en,TV,13,2,https://www.adultswim.com/videos/ninja-kamui,"Kenjiro Tsuda, Atsushi Ono",,Official Trailer
116727,Odd Taxi,Ended,2021-04-06,24,"While working as a taxi driver on the hectic streets of Tokyo, a reticent walrus gets pulled into a mystery involving a missing teenage girl.",8.409,164,"Animation, Comedy, Mystery","taxi, taxi driver, disappearance, anthropomorphism, mysterious girl, mysterious past, anime, dark mysteries, incidents, mysteries, mysterious disappearance, suspense",オッドタクシー,/x3vFYmyz6gqbMwi4B9tHbUX2R60.jpg,/m7RQ7l2FnCTEnH58Zm8SQzJGYQH.jpg,20.7794,ja,TV,13,1,https://oddtaxi.jp/,"Natsuki Hanae, Ryohei Kimura, Riho Iida",,ODDTAXI | OFFICIAL TRAILER 2
63926,One Punch Man,Returning Series,2015-10-05,24,"Saitama is a hero who only became a hero for fun. After three years of “special” training, though, he's become so strong that he's practically invincible. In fact, he's too strong — even his mightiest opponents are taken out with a single punch, and it turns out that being devastatingly powerful is actually kind of a bore. With his passion for being a hero lost along with his hair, yet still faced with new enemies every day, how much longer can he keep it going?",8.403,3760,"Animation, Comedy, Action & Adventure","cyborg, martial arts, monster, karate, supernatural, superhero, parody, giant monster, social commentary, based on manga, alien invasion, fighting, super power, seinen, anime, joyous, witty, amused, joyful, optimistic, sympathetic",ワンパンマン,/jbYJuxfZMpYDalkiOnBcCv9TaL.jpg,/3AXLSxMuqyZt8HyrKKfrcJtkswD.jpg,39.5425,ja,TV,25,3,https://onepunchman-anime.net/,"Makoto Furukawa, Kaito Ishikawa, Hiroki Yasumoto",,Opening | THE HERO!! Set Fire to the Furious Fist - JAM Project [CC]
62696,Oniai,Ended,2012-10-05,25,"Adorable young Akiko is thrilled to be reuniting with Akito, the handsome older brother she hasn’t seen in years! In fact, she might be a little too excited about living under the same roof with her precious big bro. This pint-sized cutie has a serious brother complex, and she’s definitely not interested in sharing his attention. Unfortunately for little sister, she and Akito won’t be living alone: three gorgeous girls from the student council will be along for the ride! So much for the peaceful...",6.8,20,"Animation, Comedy, Romance","forbidden love, high school, harem, school, school life, ecchi, anime, japanese high school",お兄ちゃんだけど愛さえあれば関係ないよねっ,/gHaRoBJfNhzbzq6B0R4Gn4nq1lc.jpg,/vceI7hiHAuWS35CLOe5HtZdEV4f.jpg,7.4734,ja,TV,12,1,http://www.oniai.com/,"Ibuki Kido, Ryota Osaka, Asami Shimoda",,"Ending | Life-Ru is Love-Ru!! - Liliana Sisters (Ibuki Kido, Minori Chihara, Asami Shimoda and Eri K"
210945,Onimusha,Ended,2023-11-02,0,"With a demonic, soul-consuming weapon in hand, can a legendary swordsman and a samurai brotherhood defeat a bloodthirsty zombie uprising?",7.616,74,"Animation, Action & Adventure, Sci-Fi & Fantasy","based on video game, zombie apocalypse, anime, original net animation (ona)",鬼武者,/lfRmDHegR8OpU3859lBz9YHgD79.jpg,/7HNkjJlC3Vk6hQ4zMAJC2CcGqMO.jpg,20.4739,ja,TV,8,1,https://www.netflix.com/title/81153116,"Akio Otsuka, Hochu Otsuka, Daiki Yamashita",,Exclusive Clip [Subtitled]
128689,Onmyoji,Ended,2002-07-02,55,Depicts a confrontation between the onmyōji Abe no Seimei and some out to destroy the capital.,6.0,2,Drama,,陰陽師☆安倍晴明 〜王都妖奇譚〜,/9RUXqNkurw5qRpqOngSk1wFcIlx.jpg,/3pZORpKJOxKLNKB7hqvTSIaJIS2.jpg,4.7173,ja,TV,1,1,https://fujicreative.co.jp/forBuyers/drama/onmyoji-abe-no-seimei/,"Hiroshi Mikami, Naoki Hosaka, Takanori Jinnai",,
203737,Oshi No Ko,Returning Series,2023-04-12,0,A small-town doctor gets sucked into the ruthless world of show business when he crosses paths with a popular teen idol who holds a secret.,8.366,268,"Animation, Drama","trauma, reincarnation, supernatural, based on comic, revenge, based on manga, showbiz, seinen, mysterious, acting, celebrity worship, anime, idol group, music, idol",【推しの子】,/okbW9NdKRNKgIUTVA8YZAUGwIUx.jpg,/gArCVC4ML529WMCEqOXbALdQbUq.jpg,40.7387,ja,TV,24,1,https://ichigoproduction.com/,"Takeo Otsuka, Yurie Igoma, Megumi Han",,Trailer 2 [Subtitled]
295386,Owarimonogatari,Ended,2019-05-18,0,"On the morning of March 16, Koyomi washed his face, and then he feels like his shadow in a mirror looks at him. When he touches a mirror without thinking, he falls into the reverse world. Can he go back to the real world?",0.0,0,,,続・終物語,/7Kq8xGf8hBudU9aHU8NOZpruqDY.jpg,,0.137,ja,TV,6,1,,,,
61459,Parasyte The Maxim,Ended,2014-10-09,23,"A species of parasitic aliens descends on Earth and quickly infiltrates humanity by entering the brains of vulnerable targets; insatiable beings that gain total control of their host and are capable of transforming themselves to feed on unsuspecting prey. High school student Shinichi Izumi falls victim to one of these parasites, but the creature fails to take over his brain and ends up in his right hand.",8.4,1274,"Animation, Drama, Sci-Fi & Fantasy, Action & Adventure","detective, high school, romance, alien, gore, tragedy, psychological thriller, based on manga, massacre, school life, seinen, anime, psychological, horror",寄生獣 セイの格率,/2ngHwPQhHGPpLkLQd2MTAI3iXPq.jpg,/zfk6siC4KRXurG4jJzSXHy9szGQ.jpg,57.2073,ja,TV,24,1,https://www.vap.co.jp/kiseiju,"Nobunaga Shimazaki, Aya Hirano",,
91997,Pluto,Ended,2023-10-26,0,"When the world's seven most advanced robots and their human allies are murdered one by one, Inspector Gesicht soon discovers that he's also in danger.",7.888,196,"Animation, Sci-Fi & Fantasy, Mystery, Crime","artificial intelligence (a.i.), android, futuristic, mecha, based on manga, robot, seinen, murder mystery, anime, reinterpretation, psychological, astro boy, original net animation (ona)",PLUTO,/tDFSYOVUmDVkEBjfxZs59r2qSo4.jpg,/oz3LT9glLNWpSQACnWlIYoSZA5M.jpg,21.2098,ja,TV,8,1,https://pluto-anime.com,Shinshu Fuji,,Shoutout From Toshihiko Seki [Subtitled]
43865,Psycho Pass,Ended,2012-10-12,28,"In the year 2113, people are given brain scans to determine how likely they are to commit a crime. Those who fail are apprehended, or even killed.",7.737,417,"Animation, Crime, Sci-Fi & Fantasy, Action & Adventure","japan, detective, future, dystopia, police, gore, cyberpunk, gunfight, torture, terrorism, criminal, xenophobia, angst, zero to hero, seinen, anime, psychological, suspense",PSYCHO-PASS サイコパス,/xHFMsGXdjXJDXMQvHhh7owu7TGr.jpg,/2HtnTJLs3CDUTu6ug8rib5vNnU2.jpg,47.3092,ja,TV,41,3,https://psycho-pass.com,"Yuki Kaji, Kana Hanazawa, Yuichi Nakamura",,Official Trailer
65942,Re Zero Starting Life In Another World,Returning Series,2016-04-04,25,"Natsuki Subaru, an ordinary high school  student, is on his way home from the convenience store when he finds  himself transported to another world. As he's lost and confused in a new  world where he doesn't even know left from right, the only person to  reach out to him was a beautiful girl with silver hair. Determined to  repay her somehow for saving him from his own despair, Subaru agrees to  help the girl find something she's looking for.",7.836,526,"Animation, Comedy, Action & Adventure, Sci-Fi & Fantasy","magic, trauma, time travel, reincarnation, supernatural, gore, tragedy, time loop, fate, parallel world, death, mutilation, medieval, angst, loop, anime, bishoujo, butterfly effect, isekai, parallel universe, based on light novel",Re:ゼロから始める異世界生活,/aRwmcX36r1ZpR5Xq5mmFcpUDQ8J.jpg,/ai8bVS8Suvu4ErBhmgBvtESirBY.jpg,94.2437,ja,TV,66,1,http://re-zero-anime.jp/,"Yusuke Kobayashi, Rie Takahashi, Yumi Uchiyama",,Re:ZERO Season 1 - Blu-ray Limited Ed. Collection
202282,Rick And Morty The Anime,Returning Series,2024-08-16,0,"It's life mostly as usual for the Smith family. Rick is in a pseudo-world, Summer helps Space Beth and Morty's in love. And they're all an anime.",5.3,59,"Animation, Sci-Fi & Fantasy, Action & Adventure","based on cartoon, spin off, questioning, aftercreditsstinger, anime, cliché, complicated, familiar",Rick and Morty: The Anime,/bGf8CzFaqdTgINZOq4zvK7H0UFH.jpg,/dhb5lfSpElYIaLLyJjeswn2dfnl.jpg,14.4731,en,TV,10,1,https://www.adultswim.com/videos/rick-and-morty-the-anime,"Yohei Tadano, Keisuke Chiba, Akiha Matsui",,Early Preview: Two Jerrys
28136,Rurouni Kenshin,Ended,1996-01-10,25,"The Meiji Era was one of great renewal for Japan, where swords and killing were outlawed. However, many survivors from the time of Revolution still live, lurking in the shadows and waiting for a chance to use their killing blades again. Only Kenshin Himura, formerly one of the most brutal of killers, hopes to keep his swordsman's honor and still live in the new era.",8.522,762,"Action & Adventure, Animation, Comedy","assassin, samurai, exile, romance, historical, shinsengumi, shounen, anime, meiji period, wandering, bushi, bakumatsu, ishin shishi, kasei culture",るろうに剣心 明治剣客浪漫譚,/lQ4p6OF9KjagTfs8otZt0VTe3Al.jpg,/AwhfYDJHEsgUzEkd7Dp3fKaeHHU.jpg,59.8329,ja,TV,94,3,http://www.kenshin-tv.com/,"Mayo Suzukaze, Miki Fujitani, Mina Tominaga",,Himura Kenshin (Rurouni Kenshin Season 1 Trailer)
28136,Rurouni Kenshin 1996,Ended,1996-01-10,25,"The Meiji Era was one of great renewal for Japan, where swords and killing were outlawed. However, many survivors from the time of Revolution still live, lurking in the shadows and waiting for a chance to use their killing blades again. Only Kenshin Himura, formerly one of the most brutal of killers, hopes to keep his swordsman's honor and still live in the new era.",8.522,762,"Action & Adventure, Animation, Comedy","assassin, samurai, exile, romance, historical, shinsengumi, shounen, anime, meiji period, wandering, bushi, bakumatsu, ishin shishi, kasei culture",るろうに剣心 明治剣客浪漫譚,/lQ4p6OF9KjagTfs8otZt0VTe3Al.jpg,/AwhfYDJHEsgUzEkd7Dp3fKaeHHU.jpg,59.8329,ja,TV,94,3,http://www.kenshin-tv.com/,"Mayo Suzukaze, Miki Fujitani, Mina Tominaga",,Himura Kenshin (Rurouni Kenshin Season 1 Trailer)
232402,S Line,Returning Series,2025-07-11,50,The show will present of a cryptic red line that appears over head of the people in the show.,8.429,7,"Sci-Fi & Fantasy, Drama, Mystery",based on webcomic or webtoon,S라인,/7TGolwcia6AI6uvInBOoedAi9Il.jpg,/x0rCzswwYCEm4HM3c8v8L8olB2X.jpg,157.4268,ko,TV,6,1,,"Lee Soo-hyuk, Lee Da-hee, Choi Ye-won",Ahn Ju-young,BANDE-ANNONCE / S LINE - Compétition
207332,Sakamoto Days,Returning Series,2025-01-11,0,"Once the greatest hitman of all, Taro Sakamoto retired in the name of love. But when his past catches up, he must fight to protect his beloved family.",8.129,182,"Animation, Comedy, Action & Adventure","assassin, fight, hitman, parody, psychic power, based on manga, family, shopkeeper, shounen, anime",SAKAMOTO DAYS,/wRpCqsJFyKNuh5FMegNPrhzp2NF.jpg,/blSthAPRbEOJBowdxppeQqNPRh9.jpg,91.0954,ja,TV,22,1,https://sakamotodays.jp,"Tomokazu Sugita, Nobunaga Shimazaki, Ayane Sakura",,Final Trailer
1063,Samurai Champloo,Ended,2004-05-20,24,"Break-dancing but fierce warrior Mugen has to deal with the cold-blooded and conceited Jin, a samurai who believes he is above all. These sworn enemies are brought together by Fuu for a special task.",8.3,693,"Action & Adventure, Animation, Comedy, Drama","hip-hop, samurai, obsessive quest, shounen, anime, changing era, introspective, intense, adventure",サムライチャンプルー,/lYpHeSm7BcUxAbBx1ucuEH7oGAe.jpg,/aZRGh7ccNAdqQWhHypvlT9UuXjZ.jpg,33.4525,ja,TV,26,1,https://www.newgin.co.jp/pub/machine/champloo/,"Ayako Kawasumi, Kazuya Nakai, Ginpei Sato",,Samurai Champloo (Samurai chanpurû) (2004-2005) Trailer
206630,Sasaki And Peeps,Returning Series,2024-01-05,0,"Sasaki is a middle-aged office worker living in Japan. Feeling drained by the vapid corporate world, he heads to the pet shop in search of a new companion. There he finds an adorable bird named Peeps and takes him home. But Sasaki quickly learns that Peeps isn’t your average bird…he’s a powerful mage from another world! Together, they embark on a magical adventure filled with swords and sorcery.",6.9,24,"Animation, Comedy, Sci-Fi & Fantasy","magic, slice of life, anime, based on light novel, salaryman",佐々木とピーちゃん,/kVp4PsyB8V839mGQjkn6kevBwKV.jpg,/xljpEwFQF6Rl1rU1w7SEs1pk3YE.jpg,14.4961,ja,TV,12,2,https://sasapi-anime.com,"Tomokazu Sugita, Aoi Yuuki, Rie Takahashi",,Official Trailer [Subtitled]
34805,Sekirei,Ended,2008-07-02,25,"Struggling yet brilliant, 19-year-old Minato Sahashi has failed his college entrance exams for the second time, resulting in him being regarded as worthless by those around him. However, the course of his seemingly bleak future is altered dramatically when a beautiful, supernatural woman falls from the sky and into his life. That woman, Musubi, is a ""Sekirei,"" an extraterrestrial with extraordinary abilities. Recognizing the potential of the Ashikabi gene within Minato, Musubi kisses him, initia...",7.2,81,"Animation, Comedy, Action & Adventure","harem, based on manga, ecchi, anime, big tits",セキレイ,/g5lGhwt2M3RHXPgfqgEHRvGM8F.jpg,/o0b07RBlyLxL64RYF8CMSl3SMiN.jpg,22.5151,ja,TV,25,2,http://www.sekirei-tv.com/,"Kana Hanazawa, Katsuyuki Konishi, Kana Ueda",,Sekirei - Phone Call
1087,Serial Experiments Lain,Ended,1998-07-06,24,"Lain—driven by the abrupt suicide of a classmate—logs on to the Wired and promptly loses herself in a twisted mass of hallucinations, memories, and interconnected-psyches.",8.214,565,"Animation, Drama, Sci-Fi & Fantasy, Mystery","dementia, computer, internet, cyberpunk, cyberspace, angst, seinen, anime, virtual world, internete, psychological, suspense, internet connection, psychological horror, depressed, horror, depressing",serial experiments lain,/2eAPjPjkkiF10vOiHjECRIDXqtd.jpg,/vGIxAJUD3dILgxNOij4RWCm5O7Y.jpg,21.1916,ja,TV,13,1,https://www.nbcuni.co.jp/rondorobe/anime/lain,"Kaori Shimizu, Yoko Asada, Ayako Kawasumi",,Serial Experiments Lain - Anime Classics - Available Now - Trailer
205050,Shangri La Frontier,Returning Series,2023-10-01,24,"Rakuro Hizutome only cares about one thing: beating crappy VR games. He devotes his entire life to these buggy games and could clear them all in his sleep. One day, he decides to challenge himself and play a popular god-tier game called Shangri-La Frontier. But he quickly learns just how difficult it is. Will his expert skills be enough to uncover its hidden secrets?",8.11,164,"Animation, Action & Adventure, Comedy, Sci-Fi & Fantasy","virtual reality, gamer, based on manga, fantasy world, shounen, anime, mmorpg, virtual world, video games, based on web novel, adventure, ambivalent, teen fantasy, vrmmo",シャングリラ・フロンティア,/aCGdpgNkgz66R1winFkTFsMAhlC.jpg,/yErVUZkLVak2ICxFC7mMfl3vcNP.jpg,52.7588,ja,TV,50,1,https://anime.shangrilafrontier.com,"Yuma Uchida, Azumi Waki, Yoko Hikasa",,Official Trailer 3 [Subtitled]
108891,Shenmue,Canceled,2022-02-06,24,"After he witnesses his father’s murder at the family dojo, Ryo Hazuki dedicates his life to finding the man responsible — a mission that takes him from the streets of Yokosuka, Japan to the sprawling metropolis of Hong Kong, and beyond. Soon he’ll learn that larger, mystical forces are at play as he trains to become the ultimate martial artist in his quest for revenge.",7.5,20,"Animation, Drama, Action & Adventure","japan, martial arts, revenge, death of father, hong kong, based on video game, 1980s, anime, vengeance",Shenmue the Animation,/owwTW4OVSG1IbU9gpVgRHbD6Dgz.jpg,/9qboi1jAeIFfgbCtA686kYQGTx.jpg,16.2907,ja,TV,13,1,https://shenmue-anime.jp,Masaya Matsukaze,,Official Crunchyroll Trailer [Subtitled]
110309,Sk8 The Infinity,Returning Series,2021-01-10,24,"""S"" is a dangerous, top secret, no-holds-barred downhill skateboarding race down an abandoned mine. When avid skateboarder Reki takes Langa to the mountain where ""S"" is held, Langa, who's never been on a skateboard in his life, finds himself sucked into the world of ""S"", and…?!",8.5,296,"Animation, Action & Adventure","competition, skateboarding, adrenaline, sports, bromance, battle, anime, youths, intense, gay subtext",SK∞ エスケーエイト,/kZHnqxP16mb2pVYthJfT4buYk4P.jpg,/rfEhgiJn80Z0YOyU6cU1v9hi0IS.jpg,19.4506,ja,TV,12,1,https://sk8-project.com,"Chiaki Kobayashi, Tasuku Hatanaka, Takehito Koyasu",,SK8 the Infinity Trailer 3
127532,Solo Leveling,Ended,2024-01-07,24,"They say whatever doesn’t kill you makes you stronger, but that’s not the case for the world’s weakest hunter Sung Jinwoo. After being brutally slaughtered by monsters in a high-ranking dungeon, Jinwoo came back with the System, a program only he could see, that’s leveling him up in every way. Now, he’s inspired to discover the secrets behind his powers and the dungeon that spawned them.",8.611,1266,"Animation, Action & Adventure, Sci-Fi & Fantasy","magic, survival, combat, super power, hunting, dungeon, anime, level up, based on webcomic or webtoon, urban fantasy, based on web novel, based on manhwa, awestruck",俺だけレベルアップな件,/geCRueV3ElhRTr0xtJuEWJt6dJ1.jpg,/xMNH87maNLt9n2bMDYeI6db5VFm.jpg,91.6901,ja,TV,25,1,https://sololeveling-anime.net,"Taito Ban, Genta Nakamura, Haruna Mikawa",,Official Trailer 4 [Subtitled]
115577,Sonic Prime,Ended,2022-12-15,0,"When an explosive battle with Dr. Eggman shatters the universe, Sonic races through parallel dimensions to reconnect with his friends and save the world.",8.185,499,"Animation, Action & Adventure, Sci-Fi & Fantasy, Kids","exploration, fast, friends, confrontation, based on video game, run, hedgehog, other world",Sonic Prime,/mlDVnjgx89bmGvtXnKYDbowpadV.jpg,/pYiIcenKt7L2cMrhn67xAxCGgzR.jpg,18.4045,en,TV,23,3,https://www.netflix.com/title/81294811,"Deven Mack, Ashleigh Ball, Brian Drummond",,Official Trailer
120089,Spy X Family,Returning Series,2022-04-09,24,"A spy, an assassin and a telepath come together to pose as a family, each for their own reasons, while hiding their true identities from each other.",8.551,2049,"Animation, Comedy, Action & Adventure","spy, assassin, adoption, secret mission, secret organization, espionage, slice of life, mind reading, based on manga, family, shounen, anime",SPY×FAMILY,/3r4LYFuXrg3G8fepysr4xSLWnQL.jpg,/lysUnU6V0VfcthDbviuVlIqgHOR.jpg,76.3802,ja,TV,38,3,https://spy-family.net/tvseries,"Takuya Eguchi, Atsumi Tanezaki, Saori Hayami",,Yor's Secret [English DUB]
114478,Star Wars Visions,Returning Series,2021-09-22,0,This anthology of animated shorts from around the world celebrates the mythos of Star Wars through unique cultural lenses.,7.176,408,"Animation, Sci-Fi & Fantasy, Action & Adventure","galaxy, anthology, space opera",Star Wars: Visions,/6NgLGcOHscy6yLXpKCQi4Mz1yVa.jpg,/285SD5D2xE2x0W96dYHyRNF2YNK.jpg,34.6855,en,TV,27,3,https://www.disneyplus.com/series/star-wars-visions/5AiiTRJ7OaKg,,,English Dub Trailer
42509,Steinsgate,Ended,2011-04-06,24,"A group of friends have customized their microwave so that it can send text messages to the past. As they perform different experiments, an organization named SERN who has been doing their own research on time travel tracks them down and now the characters have to find a way to avoid being captured by them.",8.442,841,"Animation, Sci-Fi & Fantasy, Mystery, Comedy","technology, secret organization, time travel, time machine, romance, mad scientist, conspiracy, tragedy, time loop, angst, seinen, anime, based on visual novel, butterfly effect, psychological",Steins;Gate,/5zxePQEsUKLYDh2kpXGQAeInjUU.jpg,/gDvxT2z6TNxervG97WfpePRZ3aR.jpg,41.2908,ja,TV,24,1,http://steinsgate.tv/index.html,"Mamoru Miyano, Asami Imai, Kana Hanazawa",,Steins;Gate | Anime Trailer [HD] | 2011
78102,Steinsgate 0,Ended,2018-04-12,23,"The dark untold story of Steins;Gate that leads with the eccentric mad scientist Okabe, struggling to recover from a failed attempt at rescuing Kurisu. He decides to give up and abandons his lively scientist alter ego, in pursuit to forget the past. When all seems to be normal, he is seemingly pulled back into the past by meeting an acquaintance of Kurisu, who tells him that they have begun testing a device that stores the memory of a human and creates a simulation of them with their characteris...",8.036,251,"Sci-Fi & Fantasy, Animation, Drama","secret organization, time travel, time machine, mad scientist, anime",シュタインズ・ゲート ゼロ,/lmx0rW83DCh60ARiZqM6DY2XJhB.jpg,/7B4PGxWt9NrcFCEAegLSEuSyAeS.jpg,27.4199,ja,TV,23,1,http://steinsgate0-anime.com,"Mamoru Miyano, Sayuri Yahagi, Asami Imai",,Trailer (Own It 7/2)
229926,Suicide Squad Isekai,Ended,2024-06-27,24,"In the crime-ridden city of Gotham, Amanda Waller, the head of A.R.G.U.S., assembles a group of notorious criminals—Harley Quinn, Deadshot, Peacemaker, Clayface and King Shark—for a mission into an otherworldly realm that's connected to this world through a gate. It's a realm of swords and magic where orcs rampage and dragons rule the skies. Can Harley Quinn and her crew conquer this perilous realm?",7.4,81,"Animation, Action & Adventure, Sci-Fi & Fantasy","explosive, based on comic, anime, isekai",Suicide Squad Isekai,/AbVwsBJnLoqJzPJn8dlGFSGfygy.jpg,/gMk4uyWJnsgauRIjJyE63ECDTNa.jpg,21.8185,en,TV,10,1,https://suicidesquad-isekai.com,"Anna Nagase, Reigo Yamaguchi, Takehito Koyasu",,Official Trailer 3 [Subtitled]
117933,Summer Time Rendering,Ended,2022-04-15,24,"Shinpei Ajiro travels home to attend the funeral of a childhood friend, and finds the remote island plagued by a sinister, supernatural force.",8.194,147,"Animation, Drama, Mystery","time travel, supernatural, romance, based on manga, summer vacation, high school student, hard, mysterious, aggressive, anime, desperate, malicious, suspense, grand, critical, complicated, exhilarated, harsh, tragic",サマータイムレンダ,/m9e7chRW8Q8Go1Dv00RCUHbMoNe.jpg,/p2eZlGwd8OjkWpwD2hSoBiIlHBZ.jpg,25.4429,ja,TV,25,1,https://summertime-anime.com,"Natsuki Hanae, Anna Nagase, Saho Shirasu",,
133154,Sword Of The Demon Hunter Kijin Gentosho,Returning Series,2025-03-31,0,"Jinta journeys through a century-spanning epic, all while questioning why he wields a sword.",8.5,7,"Animation, Sci-Fi & Fantasy, Drama","based on novel or book, samurai, time travel, supernatural, historical, mourning, edo period, curious, 19th century, anime, psychological, time manipulation, based on web novel, shrine maiden",鬼人幻燈抄,/8BNGnDKMaDvpmkTd6z9pQL97Upe.jpg,/7ylrebWFQZAHOW1TMGdhp9AfRp1.jpg,46.0089,ja,TV,24,1,https://kijin-anime.com,"Taku Yashiro, Saori Hayami, Reina Ueda",,Dub Trailer
284445,Takopis Original Sin,Returning Series,2025-06-28,0,"A Happy alien, Takopi, lands on Earth with one mission: to spread happiness! When he meets Shizuka, a lonely fourth grader, he vows to bring back her smile using his magical Happy Gadgets. But as he uncovers the pain in her life, Takopi learns that true happiness may require more than gadgets.",9.271,24,"Animation, Drama, Sci-Fi & Fantasy","depression, bullying, elementary school, alien, school, based on manga, shounen, anime, psychological, original net animation (ona)",タコピーの原罪,/xPXDVhVKt0XM34ihoUVMHtLYTw8.jpg,/6omimfVty4JD3LXzI5LHEGhXjwn.jpg,27.9207,ja,TV,6,1,https://www.tbs.co.jp/anime/takopi_project,"Kurumi Mamiya, Reina Ueda, Konomi Kohara",,Official Trailer [Subtitled]
160,Teenage Mutant Ninja Turtles 1987,Ended,1987-12-14,22,"Four turtles fall into the sewers and are befriended by Hamato Yoshi a Japanese man sent to New York who was forced to live in the sewers. One day he sees a strange green glow which transforms the four turtles into human-like creatures. Hamato (now Master Splinter) changes into a giant rat from the green glow and teaches the turtles the skills of the ninja as they team up with news reporter April O'Neil to battle against Yoshi's arch enemy Shredder and Krang, an alien warlord from Dimension X.",7.7,779,"Action & Adventure, Animation, Comedy, Kids","martial arts, mutant, pizza, supernatural, turtle, cartoon, superhero, based on comic, ninja, mutant animal, nostalgic, boys, western animation, sewers",Teenage Mutant Ninja Turtles,/AaihPizftZo5YCqzEgHMwkceaEo.jpg,/s1Kr1RntP2b8MdUKTYJxNmcVEBP.jpg,48.3837,en,TV,193,10,,"Cam Clarke, Barry Gordon, Townsend Coleman",,Teenage Mutant Ninja Turtles (Classic Series) (1994-1996) Intro
195530,Tekken Bloodline,Ended,2022-08-18,28,"After losing his home to a powerful enemy, a hot-tempered fighter trains under his zealous grandfather while awaiting his chance for revenge.",7.481,180,"Action & Adventure, Sci-Fi & Fantasy, Animation","martial arts, revenge, based on video game, martial arts tournament, anime",Tekken: Bloodline,/bi3XOKS38K7FdH9nPtsZCcmeL1F.jpg,/gm2IfEvI6wphjmLbAwV32LopadU.jpg,16.1064,en,TV,6,1,https://www.netflix.com/title/81002441,"Kaiji Tang, Vivian Lu, Hiroshi Watanabe",,Opening Credits (Clean)
239287,Terminator Zero,Ended,2024-08-29,0,A warrior from a post-apocalyptic future travels to 1997 to protect an AI scientist being hunted by an unfeeling — and indestructible — cyborg.,7.1,164,"Animation, Sci-Fi & Fantasy, Action & Adventure","japan, artificial intelligence (a.i.), time travel, end of the world, soldier, anime, 1990s",ターミネーター 0,/v4sbn6IsJGAIZNHjdB4CprvS7zo.jpg,/woH18JkZMYhMSWqtHkPA4F6Gd1z.jpg,6.4288,ja,TV,8,1,https://www.netflix.com/title/81217220,"Yuuya Uchida, Hiro Shimono, Saori Hayami",,Sneak Peek: Highway Standoff
82684,That Time I Got Reincarnated As A Slime,Returning Series,2018-10-02,0,"37-year-old corporate worker Mikami Satoru is stabbed by a random killer, and is reborn to an alternate world. But he turns out to be reborn a slime! Thrown into this new world with the name Rimuru Tempest, he begins his quest to create a world that’s welcoming to all races. Broken free from ordinary, stale past life, his fresh adventure in a fantasy world as a slime monster with unique abilities begins.",8.446,793,"Action & Adventure, Animation, Sci-Fi & Fantasy, Comedy","countryside, elves, underground, swordplay, magic, fairy, affectation, slime, reincarnation, friendship, afterlife, gore, dragon, demon, parallel world, super power, dungeon, extrasensory perception, goblin, heart warming, shounen, anime, drastic change of life, sword and sorcery, isekai, time skip, fantasy, based on light novel, adventure, admiring",転生したらスライムだった件,/pzujcdPAoH361NObVrtbA7zACE7.jpg,/xzjZDyqUobuJtkBljhgLH4Fdnye.jpg,36.5183,ja,TV,77,4,https://www.ten-sura.com/anime/tensura,"Miho Okasaki, Megumi Toyoguchi, Tomoaki Maeno",,Season 1 - Opening 2 | Meguru Mono
220542,The Apothecary Diaries,Returning Series,2023-10-22,23,"Maomao lived a peaceful life with her apothecary father. Until one day, she's sold as a lowly servant to the emperor's palace. But she wasn't meant for a compliant life among royalty. So when imperial heirs fall ill, she decides to step in and find a cure! This catches the eye of Jinshi, a handsome palace official who promotes her. Now, she's making a name for herself solving medical mysteries!",8.665,387,"Animation, Drama, Mystery","detective, work, politics, female protagonist, maid, historical, lady in waiting, anime, medical, based on light novel",薬屋のひとりごと,/e3ojpANrFnmJCyeBNTinYwyBCIN.jpg,/gffVOVZ2Y9cmVIZ26Gt9ByMGCYH.jpg,116.1539,ja,TV,48,1,https://kusuriyanohitorigoto.jp,"Aoi Yuuki, Takeo Otsuka, Katsuyuki Konishi",,Official Netflix Trailer [Subtitled]
274671,The Beginning After The End,Returning Series,2025-04-02,24,"After a mysterious death, King Grey is reborn as Arthur Leywin on the magical continent of Dicathen. Although he enters his second life as a baby, his previous wisdom remains. He begins to master magic and forge his own path as the years go by, seeking to correct the mistakes of his past life.",6.641,32,"Animation, Action & Adventure","elves, magic, reincarnation, based on comic, anime, sword and sorcery, isekai, epic fantasy",最強の王様、二度目の人生は何をする？,/u0QWnKUhxcxecQSclMBNnO5MXh.jpg,/epPoqwhas9lhZasJ9yVYJod2GQa.jpg,29.7005,ja,TV,12,1,https://saikyo2dome-tbate.com,"Natsumi Fujiwara, Makoto Furukawa",,Official Trailer 2 [Subtitled]
207250,The Dangers In My Heart,Ended,2023-04-02,23,"Kyotaro Ichikawa, a boy barely clinging to the bottom rung of his school's social ladder, secretly believes he’s the tortured lead in some psychological thriller. He spends his days dreaming up ways to disrupt his classmates' peaceful lives and pining after Anna Yamada, the class idol. But Kyotaro's not nearly the troubled teen he pretends to be…and it turns out Anna's a bit odd herself!",8.551,188,"Animation, Comedy","adolescence, romance, slice of life, school, middle school, based on manga, shounen, anime",僕の心のヤバイやつ,/mKhMmREBOKXtp3tlv9rnLRxZec5.jpg,/3hbvuY7ZQXsQjGC66JN6JTvRGC0.jpg,48.0141,ja,TV,25,1,https://bokuyaba-anime.com,"Shun Horie, Hina Youmiya",,Trailer 3
222623,The Elusive Samurai,Returning Series,2024-07-06,24,"Set between the Kamakura and Muromachi periods, during the Kenmu Restoration, the story follows the tale of Hojo Tokiyuki, a boy on the run after his family is overthrown by Ashikaga Takauji. With his only allies being a shady priest and his followers, the young lord must seek revenge and regain his glory, with his only weapon: a superhuman ability to flee and hide.",8.161,31,"Animation, Action & Adventure","samurai, based on manga, historical, shounen, anime",逃げ上手の若君,/f9ZgHhSwJKkoaVAuYz4uJaHsqii.jpg,/cN8u7s6vaQezheTy2mGOzEmF7Hg.jpg,20.8158,ja,TV,12,2,https://nigewaka.run,"Asaki Yuikawa, Yuichi Nakamura, Hinaki Yano",,Official English Dub Trailer
119495,The Eminence In Shadow,Ended,2022-10-05,24,"Shadowbrokers are those who go unnoticed, posing as unremarkable people, when in truth, they control everything from behind the scenes. Sid wants to be someone just like that more than anything, and something as insignificant as boring reality isn’t going to get in his way! He trains in secret every single night, preparing for his eventual rise to power—only to be denied his destiny by a run-of-the-mill (yet deadly) traffic accident. But when he wakes up in a another world and suddenly finds him...",8.1,196,"Animation, Comedy, Sci-Fi & Fantasy, Action & Adventure","magic, secret organization, reincarnation, harem, parody, ecchi, anime, isekai, based on light novel",陰の実力者になりたくて！,/7JKYmtLydAwo9ZsEmAknZiO4U8g.jpg,/htD5SJpPOvkmAowU80KrWnN59WO.jpg,43.1433,ja,TV,32,2,https://shadow-garden.jp,"Seiichiro Yamashita, Asami Seto, Inori Minase",,Dub Trailer
271607,The Fragrant Flower Blooms With Dignity,Returning Series,2025-07-06,24,"When the intimidating Rintaro meets the open-minded Kaoruko, the unlikely duo grows closer. The issue? Their neighboring high schools hate each other.",9.4,16,"Animation, Drama, Comedy","based on comic, romance, shounen, anime, japanese high school, romantic",薫る花は凛と咲く,/fcAKLwLJf6G8QaoGdJyxrVCHBnY.jpg,/riMDV04KJfJqtGFurehl8Uvgs83.jpg,51.9699,ja,TV,13,1,https://kaoruhana-anime.com,"Yoshinori Nakayama, Honoka Inoue, Kikunosuke Toya",,Official Clip [Subtitled]
81723,The Gilded Age,Returning Series,2022-01-24,0,"It’s 1882 and the Gilded Age is in full swing when Marian Brook, a young orphaned daughter of a Southern general, moves in with her rigidly conventional aunts in New York City. With the help of Peggy Scott, an African-American woman masquerading as her maid, Marian gets caught up in the dazzling lives of her rich neighbors as she struggles to decide between adhering to the rules or forging her own path.",7.783,203,Drama,"new york city, period drama, high society, financier, spinsters, costume drama, upstairs downstairs, 19th century, class system, railroad builder, social and industrial development, 1880s, new money, old money, new york city history, american gilded age, african american progress",The Gilded Age,/4zXlBCc1rNTDtrfMCBFIGKWlwnC.jpg,/jPcQlhoJ3LrOfKwCvGD58P8rC5b.jpg,54.8943,en,TV,25,3,https://www.hbo.com/the-gilded-age,"Carrie Coon, Morgan Spector, Louisa Jacobson",,Official Trailer
253372,The Institute,Returning Series,2025-07-13,58,"When 14 year old genius Luke Ellis is kidnapped, he awakens at The Institute, a facility full of children who all got there the same way he did, and who are all possessed of unusual abilities. In a nearby town, haunted former police officer Tim Jamieson has come looking to start a new life, but the peace and quiet won’t last, as his story and Luke’s are destined to collide.",8.455,11,"Mystery, Sci-Fi & Fantasy","based on novel or book, miniseries, psychological horror, thriller",The Institute,/7JXZdWifaa6wL0XLRi0GJOlOA8y.jpg,/mcU5nwUqPJB6GeElDhKA68LKhqD.jpg,72.6333,en,TV,8,1,https://www.mgmplus.com/series/the-institute,"Ben Barnes, Joe Freeman, Simone Miller",,Opening Credits
83097,The Promised Neverland,Ended,2019-01-11,23,"Surrounded by a forest and a gated entrance, the Grace Field House is inhabited by orphans happily living together as one big family, looked after by their ""Mama,"" Isabella. Although they are required to take tests daily, the children are free to spend their time as they see fit, usually playing outside, as long as they do not venture too far from the orphanage — a rule they are expected to follow no matter what. However, all good times must come to an end, as every few months, a child is adopte...",8.354,1172,"Animation, Mystery, Sci-Fi & Fantasy, Action & Adventure, Drama, Crime","child abuse, blackmail, dystopia, agriculture, friendship, revenge, murder, survival, tragedy, coming of age, rebellion, based on manga, demon, mutilation, dark fantasy, angst, shounen, anime, psychological, suspense",約束のネバーランド,/oBgRCpAbtMpk1v8wfdsIph7lPQE.jpg,/uAjMQlbPkVHmUahhCouANlHSDW2.jpg,30.4439,ja,TV,23,2,https://neverland-anime.com,"Sumire Morohoshi, Mariya Ise, Shinei Ueki",,The Promised Neverland Trailer 2
83095,The Rising Of The Shield Hero,Returning Series,2019-01-09,24,"Iwatani Naofumi, a run-of-the-mill otaku, finds a book in the library that summons him to another world. He is tasked with joining the sword, spear, and bow as one of the Four Cardinal Heroes and fighting the Waves of Catastrophe as the Shield Hero. Excited by the prospect of a grand adventure, Naofumi sets off with his party. However, merely a few days later, he is betrayed and loses all his money, dignity, and respect. Unable to trust anyone anymore, he employs a slave named Raphtalia and take...",8.5,1427,"Animation, Action & Adventure, Sci-Fi & Fantasy, Drama","saving the world, anti hero, magic, slavery, training, romance, dysfunctional family, betrayal, religion, sibling rivalry, dragon, parallel world, dark fantasy, seinen, summons, anime, corrupt church, isekai, fantasy, based on light novel, adventure",盾の勇者の成り上がり,/yjq2n0agGJfmZQ9NpbYIhuBofcq.jpg,/de6iC707SwuMsE3y2fo5OHCOsvj.jpg,38.3233,ja,TV,62,4,http://shieldhero-anime.jp,"Kaito Ishikawa, Asami Seto, Rina Hidaka",,The Rising of the Shield Hero - Opening 2 | FAITH
208445,The Witch And The Beast,Ended,2024-01-12,24,"Guideau is a young woman who was cursed by a witch, forced to carry a dark secret. Ashaf is a tall, soft-spoken man with a coffin strapped to his back and secrets yet untold. Together they venture across the land on their quest for vengeance. Appearances can be deceiving, and each step could be their last. In a dark fantasy filled with adventure, will unlikely heroes find the vengeance they seek?",8.0,44,"Animation, Sci-Fi & Fantasy, Action & Adventure, Drama","witch, magic, gore, based on manga, dark fantasy, seinen, anime",魔女と野獣,/ooSzpaJkU8MnfuLKn0IThcACv57.jpg,/3sOWWRpSEGrljd8O50KLmOIdIPn.jpg,16.8534,ja,TV,12,1,https://www.tbs.co.jp/anime/majo,"You Taichi, Toshiyuki Morikawa",,Official Teaser Trailer [ENG SUB]
97525,To Your Eternity,Returning Series,2021-04-12,25,"An immortal being takes on the form of a human boy, wandering the earth and experiencing the pains and joys of life throughout his story without end.",8.21,273,"Animation, Action & Adventure, Sci-Fi & Fantasy","philosophy, mutation, suffering, transformation, immortality, reincarnation, friendship, supernatural, survival, tragedy, based on manga, multiple identities, evolution, fantasy world, lost relationship, eternity, shounen, anime, emotions, eternal life, time skip, memories, adventure",不滅のあなたへ,/lA2jRBubr2OLOlbkJXuBXYqv4A9.jpg,/qmeC99iX9YPbxi3Dwsw5VvxIbCC.jpg,43.954,ja,TV,40,3,https://anime-fumetsunoanatae.com,"Reiji Kawashima, Kenjiro Tsuda, Eri Inagawa",,Official Trailer 2 [Subtitled]
61374,Tokyo Ghoul,Ended,2014-07-04,24,"Ken Kaneki, a bookworm college student, meets Rize, a girl his own age with whom he shares many interests.",8.289,2393,"Animation, Drama, Sci-Fi & Fantasy","monster, secret organization, dystopia, coffee shop, supernatural, murder, gore, tragedy, disaster, torture, based on manga, fighting, super power, ghoul, dark fantasy, seinen, anime, drastic change of life, psychological, suspense, fantasy, horror, mystery",東京喰種トーキョーグール,/1m4RlC9BTCbyY549TOdVQ5NRPcR.jpg,/yOarY3Yo0NMkuTuft87M5oAZa3C.jpg,61.6032,ja,TV,48,4,http://www.marv.jp/special/tokyoghoul,"Natsuki Hanae, Sora Amamiya, Shintaro Asanuma",,Tokyo Ghoul Season 1 (Uncut) - Trailer
105009,Tokyo Revengers,Returning Series,2021-04-11,24,"Takemichi Hanagaki is a freelancer that’s reached the absolute pits of despair in his life. He finds out that the only girlfriend he ever had, in middle school, Hinata Tachibana, had been killed by the ruthless Tokyo Manji Gang. The day after hearing about her death, he’s standing on the station platform and ends up being pushed over onto the tracks by a herd of people. He closes his eyes thinking he’s about to die, but when he opens his eyes back up, he somehow had gone back in time 12 years. N...",8.437,1240,"Animation, Drama, Action & Adventure, Crime","time travel, delinquency, based on comic, revenge, romance, school, bromance, aggressive, shounen, anime, furyo",東京リベンジャーズ,/arB3L9pZZBSzUPSC8BEv8c3X0bF.jpg,/wjw3wrmkjjApu83Y4SxmQ5gP2mZ.jpg,33.592,ja,TV,50,1,https://tokyo-revengers-anime.com/,"Yuuki Shin, Azumi Waki, Ryota Osaka",,Official Trailer
117830,Tomb Raider The Legend Of Lara Croft,Returning Series,2024-10-10,0,"Thrust into a high-stakes chase around the world, fearless adventurer Lara Croft confronts her traumatic past while unraveling an ancient mystery.",6.315,100,"Action & Adventure, Animation","based on video game, adventurer, chinese mythology, traumatic past",Tomb Raider: The Legend of Lara Croft,/uMWIPc5uUAkNxXR61EdTQ6v4xfA.jpg,/94qWpm0EjFJzhojO120JzWoNM2u.jpg,12.6363,en,TV,8,1,https://www.netflix.com/title/81361105,"Hayley Atwell, Allen Maldonado, Earl Baylon",,Alligator Attack
42916,Toradora,Ended,2008-10-02,23,"Ryūji Takasu is a gentle high school student with a love for housework; but in contrast to his kind nature, he has an intimidating face that often gets him labeled as a delinquent. On the other hand is Taiga Aisaka, a small, doll-like student who is anything but a cute and fragile girl. Equipped with a wooden katana and feisty personality, Taiga is known throughout the school as the ""Palmtop Tiger."" One day, an embarrassing mistake causes the two students to cross paths. Ryūji discovers that Tai...",8.219,603,"Animation, Comedy, Drama","based on novel or book, delinquent, friendship, high school, slapstick comedy, love, romcom, growing up, romance, slice of life, unrequited love, coming of age, school, school life, seinen, shoujo, anime, love polygon, tsundere",とらドラ！,/jgLSYTAgjQgwBqLEw1bgr8vNxeK.jpg,/3IxznCOIYjajctSJ6BtlkDfJ22Y.jpg,34.464,ja,TV,25,1,http://www.tv-tokyo.co.jp/anime/toradora/,"Rie Kugimiya, Junji Majima, Yui Horie",,Opening 2 | Silky Heart - Yui Horie
97860,Tower Of God,Ended,2020-04-02,24,"Reach the top, and everything will be yours. At the top of the tower exists everything in this world, and all of it can be yours. You can become a god. This is the story of the beginning and the end of Rachel, the girl who climbed the tower so she could see the stars, and Bam, the boy who needed nothing but her.",8.226,468,"Animation, Mystery, Sci-Fi & Fantasy, Action & Adventure","friendship, survival, bromance, creature, tower, dark fantasy, anime, based on webcomic or webtoon, fantasy, adventure, based on manhwa",神之塔 -Tower of God-,/8v8ANBJNUzvA8F6sM20DBt3zZ44.jpg,/gcvJgJScIt0a5sRt8uLIkGM9IhI.jpg,38.0202,ja,TV,39,2,https://tog-anime.com/,"Taichi Ichikawa, Nobuhiko Okamoto, Yuma Uchida",,Tower of God | CHARACTER TRAILER
127714,Uncle From Another World,Ended,2022-07-06,24,"After being in a coma for 17 years, Takafumi's middle-aged uncle suddenly wakes up speaking an unrecognizable language and wielding magical powers.",7.682,118,"Animation, Comedy, Sci-Fi & Fantasy","magic, affectation, slapstick comedy, parody, based on manga, waking from coma, anime, other world, isekai, otaku, loving",異世界おじさん,/ixYH9Ngm3IcPtK4964jbvB0Czi9.jpg,/piMRImsn3ZQerFmPdAoXgmOpc7R.jpg,16.8572,ja,TV,13,1,https://isekaiojisan.com,"Takehito Koyasu, Jun Fukuyama, Mikako Komatsu",,Official Trailer #2 [Subtitled]
93241,Uzumaki,Ended,2024-09-29,0,"Kirie tries to escape from her town Kurouzu-cho, where the residents get obsessed with spirals due to an unexplained curse.",7.029,120,"Animation, Mystery","dementia, supernatural, miniseries, black and white, based on graphic novel, seinen, anime, psychological, avant garde, horror",Uzumaki,/wtQIgqEQEIQnNqLVGTShUf7qLap.jpg,/iKfYhpMqcpJgXqciWZOIZRRJDF6.jpg,14.6277,en,TV,4,1,https://www.adultswim.com/videos/uzumaki,"Uki Satake, Shin-ichiro Miki, Mariya Ise",,Official Netflix Trailer [Subtitled]
99772,Vampire In The Garden,Ended,2022-05-16,26,A vampire queen and a human girl join forces against all odds in search of “paradise” — a place where humans and vampires peacefully coexist.,7.363,62,"Animation, Drama, Sci-Fi & Fantasy, Action & Adventure","future, vampire, friendship, supernatural, psychic power, female protagonist, anime, girls love",ヴァンパイア・イン・ザ・ガーデン,/cL7AmuHxCwDCu8d3kX93NTEDhdw.jpg,/7Iorh0CtvK85oX96BdP2jXziir5.jpg,16.7679,ja,TV,5,1,https://www.netflix.com/title/80996247,"Megumi Han, Yu Kobayashi, Chiaki Kobayashi",,Trailer [Subtitled]
194774,Vermeil In Gold,Ended,2022-07-05,24,"Rather than take a more sensible approach to salvaging his grades in time for graduation, Alto summons a bit of otherworldly help. Only after does he learn he’s bound the legendary she-devil Vermeil into service as his familiar!",7.179,81,"Animation, Comedy, Sci-Fi & Fantasy","love triangle, magic, harem, romance, school, based on manga, demon, succubus, fantasy world, ecchi, shounen, anime, big tits, magic school, familiar",金装のヴェルメイユ~崖っぷち魔術師は最強の厄災と魔法世界を突き進む~,/gozUDZOZZq19vcnnP95eU5MINoa.jpg,/a9Y9xwkrqE4vOK12qfZejZXgDjb.jpg,23.213,ja,TV,12,1,https://vermeilingold.jp,"Yuya Hirose, Maaya Uchida, Wakana Kuramochi",,Official Trailer [Subtitled]
88803,Vinland Saga,Returning Series,2019-07-08,25,"For a thousand years, the Vikings have made quite a name and reputation for themselves as the strongest families with a thirst for violence. Thorfinn, the son of one of the Vikings' greatest warriors, spends his boyhood in a battlefield enhancing his skills in his adventure to redeem his most-desired revenge after his father was murdered.",8.5,800,"Animation, War & Politics, Action & Adventure, Drama","swordplay, vandalism, exploration, vikings (norsemen), revenge, gore, disaster, bromance, pirate, based on manga, massacre, historical, mutilation, norse mythology, seinen, anime, drastic change of life, time skip, vinland, adventure, powerful",ヴィンランド・サガ,/vUHlpA5c1NXkds59reY3HMb4Abs.jpg,/8HM3NtsejczRKDz7agUVFdppicJ.jpg,15.9222,ja,TV,48,2,https://vinlandsaga.jp,"Yuto Uemura, Shunsuke Takeuchi",,Official Dub Trailer
223500,Wind Breaker,Returning Series,2024-04-05,24,"Furin High School's delinquents get bad grades, but they excel at protecting their town. Then a victory-obsessed newcomer threatens the balance of power.",8.1,136,"Animation, Action & Adventure","high school, based on comic, school, teen comedy, yankee, school life, teen drama, anime, furyo, japanese high school, compassionate, urban adventure",WIND BREAKER,/3kTFL3PAeTyS8gGZAh0iYG6NNjt.jpg,/czrAvoN103RYYX8lhkZPs2zgnkl.jpg,52.6704,ja,TV,25,1,https://wb-anime.net,"Yuma Uchida, Shoya Chiba, Koki Uchiyama",,English Dub Main Trailer
61461,Yona Of The Dawn,Ended,2014-10-07,24,"The legend of the Four Dragons and the origin of the land has been passed down for generations in the land of Kouka. Currently, Hiryuu Palace has no one else next in line for the throne other than the fifteen year old princess, Yona, who had been raised with care.Finally, the night of her sixteenth birthday arrives. She expects it to be a wonderful day spent with her peace-loving father, Il, her servant and friend Hak, and her cousin Soo-won, who she had feelings for... However... That night, ...",8.41,268,"Animation, Drama, Comedy, Action & Adventure, Sci-Fi & Fantasy","reincarnation, politics, revenge, romance, royalty, betrayal, coming of age, dragon, based on manga, historical, shoujo, anime, bishounen, adventure",暁のヨナ,/aKLARBbIVlluToqSNYNQ0XOLhP.jpg,/k3KlMWPt8lJ5Pe48xuykeldCnI3.jpg,62.6717,ja,TV,24,1,http://marv.jp/special/yona,"Chiwa Saito, Tomoaki Maeno, Yusuke Kobayashi",,Trailer
138503,Your Friendly Neighborhood Spider Man,Returning Series,2025-01-29,0,"Peter Parker is on his way to becoming a hero, but his path to get there is anything but ordinary.",7.812,189,"Animation, Action & Adventure, Sci-Fi & Fantasy, Comedy","high school, superhero, based on comic, nostalgic, teen superhero, origin story, 3d animation",Your Friendly Neighborhood Spider-Man,/kjcsNeqF52YUQ2rUBGLMHwLkxvR.jpg,/kkT2B2gmynoh9kZMo1gromLNeqy.jpg,33.3578,en,TV,10,1,https://www.disneyplus.com/series/your-friendly-neighborhood-spider-man/7e5MeUbivjlO,"Hudson Thames, Colman Domingo, Eugene Byrd",,Meet Peter Parker
61663,Your Lie In April,Ended,2014-10-10,23,"Kousei Arima was a genius pianist until his mother's sudden death took away his ability to play. Each day was dull for Kousei. But, then he meets a violinist named Kaori Miyazono who has an eccentric playing style. Can the heartfelt sounds of the girl's violin lead the boy to play the piano again?",8.6,1056,"Animation, Comedy, Drama","trauma, classical music, friendship, rivalry, romance, unrequited love, tragedy, school, middle school, based on manga, pianist, school life, piano, shounen, anime, prodigy, love polygon, introspective, music, dramatic",四月は君の嘘,/rRjfH3ckTYz8z8aSkJshFL4VyK9.jpg,/x6jWDL4H9TaBLGEvyej0qKiirBU.jpg,37.364,ja,TV,22,1,http://www.kimiuso.jp/,"Natsuki Hanae, Risa Taneda, Ayane Sakura",,Opening 1 | If You Will Shine - Goose House
902,Yu Gi Oh Duel Monsters,Ended,2000-04-18,24,"Bullies often target someone frail and weak—someone exactly like Yûgi Muto. He treasures his Millennium Puzzle, an ancient Egyptian artifact that was brought into his grandfather's game shop. Believing that solving the puzzle will grant him his wish, he completes the puzzle, unleashing a new personality within him, the soul of the ""King of Games."" The new personality named Yami Yûgi is the exact opposite of Yûgi. Upon any injustice toward him, Yami Yûgi takes over Yûgi's body and forces the oppo...",8.244,971,"Animation, Action & Adventure","egypt, monster, card game, mythology, magic, friendship, friends, remake, school, trap, giant monster, duel, based on manga, battle, trapped, strategy, mysterious, card, shounen, anime, japanese high school, rival, mysterious events, fantasy, secret, adventure",遊☆戯☆王デュエルモンスターズ,/ra8CKkCHjSok8L9meEP4WuOukNK.jpg,/gJYZBM200Flldo6im3EEdXslR1j.jpg,83.5824,ja,TV,224,1,https://www.tv-tokyo.co.jp/anime/yugioh2000/,"Kenjiro Tsuda, Hiroki Takahashi, Shunsuke Kazama",,"Season 1, Version 1 Opening Theme"
68129,Yuri On Ice,Ended,2016-10-06,23,"While on the verge of retirement, skater Yuri Katsuki meets Yuri Plisetsky and Victor Nikiforov, two skaters who rekindle his competitive fire.",8.557,623,"Animation, Comedy, Drama","competition, training, sports, romance, figure skating, tournament, ice skating, anime, boys' love (bl)",ユーリ!!! on ICE,/oxenakJNCj06JrWHENjvwaWGcSz.jpg,/mWwWhDiQWONiSS4Go12TTjNw0E5.jpg,19.7149,ja,TV,12,1,https://yurionice.com/,"Toshiyuki Toyonaga, Junichi Suwabe, Koki Uchiyama",,Yuri!!! on Ice Opening
217766,Zom 100 Bucket List Of The Dead,Ended,2023-07-09,24,"An overworked 24-year-old finally decides to live a little and create a bucket list, when a zombie outbreak hits the country.",7.567,157,"Animation, Action & Adventure, Comedy, Sci-Fi & Fantasy","supernatural, zombie, based on manga, zombie apocalypse, seinen, anime, bucket list, suspense, horror",ゾン100～ゾンビになるまでにしたい100のこと～,/bTYMgERNC9rVdmxTSzKuex4GWbF.jpg,/90b5d67rcpYfh5aVOwfd9jrbnfL.jpg,24.0418,ja,TV,12,1,https://zom100.com,"Shuichiro Umeda, Tomori Kusunoki, Makoto Furukawa",,Making the OP
